103	ABC	金穗借记卡	DC	19
303	CEB	阳光卡	DC	16
9111	GDB	广发理财通(银联卡)	DC	19
9558	ICBC	牡丹灵通卡(银联卡)	DC	19
9896	CQBANK	长江卡	DC	16
18572	KMRCU	金碧卡	DC	18
45806	ICBC	牡丹信用卡(银联卡)	CC	16
49102	ABC	金穗信用卡(银联卡)	SCC	16
53098	ICBC	牡丹信用卡(银联卡)	CC	16
53591	ABC	金穗信用卡(银联卡)	SCC	16
62223	ICBC		CC	16
62275	BOC		CC	16
69580	JSBANK	金桥卡	DC	18
84301	SPDB	东方卡	DC	16
84336	SPDB	东方卡	DC	16
84342	SPDB	东方卡	DC	16
84361	SPDB	东方卡	DC	16
84373	SPDB	东方卡	DC	16
84380	SPDB	东方卡	DC	16
84385	SPDB	东方卡	DC	16
84390	SPDB	东方卡	DC	16
87000	SPDB	东方卡	DC	16
87010	SPDB	东方卡	DC	16
87030	SPDB	东方卡	DC	16
87040	SPDB	东方卡	DC	16
87050	SPDB	东方卡	DC	16
90030	CEB	阳光卡(银联卡)	DC	16
90592	CIB	兴业卡	DC	16
95555	CMB	一卡通(银联卡)	DC	16
95588	ICBC		DC	19
95595	ABC	借记卡(银联卡)	DC	19
95596	ABC	借记卡(银联卡)	DC	19
95597	ABC	借记卡(银联卡)	DC	19
95598	ABC	借记卡(银联卡)	DC	19
95599	ABC	借记卡(银联卡)	DC	19
96828	ZZCCB	世纪一卡通	DC	16
356390	CITIC	中信JCB美元卡	CC	16
356391	CITIC	中信JCB美元卡	CC	16
356392	CITIC	中信JCB美元卡	CC	16
356827	SHBANK	申卡贷记卡	CC	16
356828	SHBANK	申卡贷记卡	CC	16
356829	SHBANK	分期付款信用卡	CC	16
356830	SHBANK	J分期付款信用卡	CC	16
356837	CEB	阳光商旅信用卡	CC	16
356838	CEB	阳光商旅信用卡	CC	16
356839	CEB	阳光商旅信用卡	CC	16
356840	CEB	阳光商旅信用卡	CC	16
356841	CEB		CC	16
356850	SPDB	浦发JCB普卡	CC	16
356851	SPDB	浦发JCB金卡	CC	16
356852	SPDB	浦发JCB白金卡	CC	16
356856	CMBC	民生JCB普卡	CC	16
356857	CMBC	民生JCB金卡	CC	16
356858	CMBC	民生JCB白金卡	CC	16
356859	CMBC	民生JCB信用卡	CC	16
356868	SPABANK	信用卡	CC	16
356869	SPABANK	信用卡	CC	16
356879	ICBC	牡丹JCB信用卡	CC	16
356880	ICBC	牡丹JCB信用卡	CC	16
356881	ICBC	牡丹JCB信用卡	CC	16
356882	ICBC	牡丹JCB信用卡	CC	16
356885	CMB	招商银行信用卡	CC	16
356886	CMB	招商银行信用卡	CC	16
356887	CMB	招商银行信用卡	CC	16
356888	CMB	招商银行信用卡	CC	16
356889	CMB	招商银行信用卡	CC	16
356890	CMB	招商银行信用卡	CC	16
370246	ICBC	牡丹运通卡金卡	CC	15
370247	ICBC	牡丹运通卡普通卡	CC	15
370248	ICBC	牡丹运通卡金卡	CC	15
370249	ICBC	牡丹运通卡金卡	CC	15
370267	ICBC	牡丹运通白金卡	CC	15
374738	ICBC	牡丹百夫长信用卡	CC	15
374739	ICBC	牡丹百夫长信用卡	CC	15
376966	CITIC	中信贷记卡银联卡	CC	15
376968	CITIC	中信贷记卡银联卡	CC	15
376969	CITIC	中信贷记卡银联卡	CC	15
400360	CITIC	中信贷记卡	CC	16
402673	SHBANK	申卡贷记卡	CC	16
402674	SHBANK	申卡贷记卡	CC	16
402791	ICBC	国际借记卡	DC	16
403361	ABC	金穗贷记卡(银联卡)	CC	16
403391	CITIC	中信贷记卡	CC	16
403392	CITIC	中信贷记卡	CC	16
403393	CITIC	中信贷记卡	CC	16
404117	ABC	金穗贷记卡(银联卡)	CC	16
404118	ABC	金穗贷记卡(银联卡)	CC	16
404119	ABC	金穗贷记卡(银联卡)	CC	16
404120	ABC	金穗贷记卡(银联卡)	CC	16
404121	ABC	金穗贷记卡(银联卡)	CC	16
404157	CITIC	中信贷记卡	CC	16
404158	CITIC	中信贷记卡	CC	16
404159	CITIC	中信贷记卡	CC	16
404171	CITIC	中信贷记卡	CC	16
404172	CITIC	中信贷记卡	CC	16
404173	CITIC	中信贷记卡	CC	16
404174	CITIC	中信贷记卡	CC	16
404738	SPDB	信用卡VISA普通	CC	16
404739	SPDB	信用卡VISA金卡	CC	16
405512	COMM	太平洋互连卡(银联卡)	DC	17
406252	CEB	阳光信用卡(银联	CC	16
406254	CEB	阳光信用卡(银联	CC	16
406365	GDB	广发VISA信用卡	CC	16
406366	GDB	广发VISA信用卡	CC	16
407405	CMBC	民生贷记卡(银联卡)	CC	16
409666	BOC	个人普卡	CC	16
410062	CMB	招行国际卡(银联卡)	DC	16
412962	SPABANK	发展借记卡	DC	16
412963	SPABANK	发展借记卡	DC	16
415599	CMBC	民生借记卡	DC	16
415752	SPABANK	国际借记卡	DC	16
415753	SPABANK	国际借记卡	DC	16
421317	BJBANK	京卡借记卡	DC	16
421349	CCB	乐当家银卡VISA	DC	16
421393	CMBC	民生国际卡	DC	16
421865	CMBC	民生国际卡(银卡)	DC	16
421869	CMBC	民生贷记卡(银联卡)	CC	16
421870	CMBC	民生贷记卡(银联卡)	CC	16
421871	CMBC	民生贷记卡(银联卡)	CC	16
422160	BJBANK	京卡贵宾金卡	DC	16
422161	BJBANK	京卡贵宾白金卡	DC	16
425862	CEB	阳光商旅信用卡	CC	16
427010	ICBC	牡丹VISA卡(单位卡)	CC	16
427018	ICBC	牡丹VISA信用卡	CC	16
427019	ICBC	牡丹VISA卡(单位卡)	CC	16
427020	ICBC	牡丹VISA信用卡	CC	16
427028	ICBC	国际借记卡	DC	16
427029	ICBC	牡丹VISA信用卡	CC	16
427030	ICBC	牡丹VISA信用卡	CC	16
427038	ICBC	国际借记卡	DC	16
427039	ICBC	牡丹VISA信用卡	CC	16
427062	ICBC	牡丹VISA信用卡	CC	16
427064	ICBC	牡丹VISA信用卡	CC	16
427570	CMBC	民生国际卡(欧元卡)	DC	16
427571	CMBC	民生国际卡(澳元卡)	DC	16
428911	GDB	广发信用卡	CC	16
433666	CITIC	中信贷记卡	CC	16
433667	CITIC	中信贷记卡	CC	16
433668	CITIC	中信贷记卡	CC	16
433669	CITIC	中信贷记卡	CC	16
433670	CITIC	中信借记卡	DC	16
433671	CITIC	中信借记卡	DC	16
433680	CITIC	中信借记卡	DC	16
434061	CCB	乐当家金卡VISA	DC	16
434062	CCB	乐当家白金卡	DC	16
435744	SPABANK	沃尔玛百分卡	CC	16
435745	SPABANK	沃尔玛百分卡	CC	16
436742	CCB	龙卡储蓄卡	DC	19
436745	CCB	龙卡国际普通卡VISA	CC	16
436748	CCB	龙卡国际金卡VISA	CC	16
436768	GDB	广发信用卡	CC	16
436769	GDB	广发信用卡	CC	16
436770	GDB		CC	16
436771	GDB		CC	16
438088	BOC	中银奥运信用卡	CC	16
438125	ICBC	牡丹VISA信用卡	CC	16
438126	ICBC	牡丹VISA白金卡	CC	16
438588	CIB	兴业智能卡(银联卡)	DC	18
438589	CIB	兴业智能卡	DC	18
438600	SHBANK	上海申卡IC	DC	16
439188	CMB	招商银行信用卡	CC	16
439225	CMB	VISA信用卡	CC	16
439226	CMB	VISA信用卡	CC	16
439227	CMB	VISA商务信用卡	CC	16
442729	CITIC	中信国际借记卡	DC	16
442730	CITIC	中信国际借记卡	DC	16
451289	CIB	VISA信用卡(银联卡)	CC	16
451290	CIB	VISA信用卡(银联卡)	CC	16
451804	ICBC	牡丹贷记卡(银联卡)	CC	16
451810	ICBC	牡丹贷记卡(银联卡)	CC	16
451811	ICBC	牡丹贷记卡(银联卡)	CC	16
453242	CCB	VISA准贷记卡(银联卡)	DC	16
456351	BOC	长城电子借记卡	DC	19
456418	SPDB	浦发银行VISA年青卡	CC	16
458071	ICBC	牡丹贷记卡(银联卡)	CC	16
458123	COMM	太平洋双币贷记卡	CC	16
458124	COMM	太平洋双币贷记卡	CC	16
458441	ICBC	国航知音牡丹信用卡	CC	16
461982	CIB	visa标准双币个人普卡	CC	16
463758	ABC	VISA白金卡	CC	16
464580	CMBC	民VISA无限卡	CC	16
464581	CMBC	民生VISA商务白金卡	CC	16
468203	CMB	招行国际卡(银联卡)	DC	16
472067	CMBC	民生国际卡	DC	16
472068	CMBC	民生国际卡	DC	16
479229	CMB	招商银行信用卡	CC	16
481699	CEB	阳光白金信用卡	CC	16
483536	SPABANK	VISA白金卡	CC	16
486466	SHBANK	申卡贷记卡	CC	16
486493	CIB	VISA商务普卡	CC	16
486494	CIB	VISA商务金卡	CC	16
486495	SCBHK		CC	16
486497	CEB	阳光商旅信用卡	CC	16
486861	CIB	VISA运动白金信用卡	CC	16
487013	GDB	广发VISA信用卡	CC	16
489592	CCB	VISA白金信用卡	CC	16
489734	ICBC	牡丹欧元卡	CC	16
489735	ICBC	牡丹欧元卡	CC	16
489736	ICBC	牡丹欧元卡	CC	16
491031	CCB	VISA准贷记金卡	DC	16
491032	GDB	广发信用卡	CC	16
491033	GDB		CC	16
491034	GDB	广发信用卡	CC	16
491035	GDB	广发信用卡	CC	16
491036	GDB	广发信用卡	CC	16
491037	GDB	广发信用卡	CC	16
491038	GDB	广发信用卡	CC	16
493427	GDB		CC	16
498451	SPDB	VISA白金信用卡	CC	16
504923	JSBANK	月季卡	DC	16
510529	ICBC	牡丹万事达国际借记卡	CC	16
512425	CMB	招行国际卡(银联卡)	DC	16
512431	NBBANK	汇通国际卡银联双币卡	CC	16
512466	CMBC	民生贷记卡(银联卡)	CC	16
513685	ICBC	国航知音牡丹信用卡	CC	16
514027	ABC	万事达白金卡	CC	16
514906	CITIC	中信贷记卡	CC	16
515672	SPDB	浦发万事达白金卡	CC	16
517636	CMBC	民生贷记卡(银联卡)	CC	16
517650	SPDB	浦发万事达金卡	CC	16
518212	CITIC	中信贷记卡	CC	16
518364	GDB	广发信用卡	CC	16
518476	BOC	长城万事达信用卡	CC	16
518710	CMB	MASTER信用卡	CC	16
518718	CMB	MASTER信用金卡	CC	16
518905	PSBC		CC	16
519412	ABC	金穗贷记卡(银联卡)	CC	16
519413	ABC	金穗贷记卡(银联卡)	CC	16
519498	SHBANK	申卡贷记卡普通卡	CC	16
520082	ABC	金穗贷记卡(银联卡)	CC	16
520083	ABC	金穗贷记卡(银联卡)	CC	16
520108	CITIC	中信贷记卡	CC	16
520131	SHBANK	申卡贷记卡金卡	CC	16
520152	GDB	广发万事达信用卡	CC	16
520169	COMM	太平洋双币贷记卡	CC	16
520194	NBBANK	汇通国际卡银联双币卡	CC	16
520382	GDB	广发万事达信用卡	CC	16
521302	CMB	世纪金花联名信用卡	CC	16
521899	COMM	太平洋双币贷记卡	CC	16
522001	BJBANK	万事达双币金卡	CC	16
523036	CIB	万事达信用卡(银联卡)	CC	16
523952	CMBC	民生万事达钛金卡	CC	16
523959	HXBANK	华夏万事达信用卡	CC	16
524011	CMB	招行国际卡(银联卡)	DC	16
524031	SHBANK	万事达白金卡	CC	16
524047	ICBC	牡丹万事达白金卡	CC	16
524070	CIB	万事达信用卡(银联卡)	CC	16
524090	CEB	安邦俱乐部信用卡	CC	16
524091	ICBC	海航信用卡	CC	16
524094	CCB	乐当家	DC	16
524374	ICBC	牡丹多币种卡	CC	16
525498	ICBC	海航信用卡个人普卡	CC	16
525746	BOC	长城信用卡	CC	16
525998	SPDB	浦发万事达普卡	CC	16
526410	CCB	乐当家	DC	16
526836	ICBC	国航知音牡丹信用卡	CC	16
526855	SPABANK	平安银行信用卡	CC	16
527414	CIB	加菲猫信用卡	CC	16
528020	SPABANK	平安银行信用卡	CC	16
528057	CIB	个人白金卡	CC	16
528708	HXBANK	万事达信用卡金卡	CC	16
528709	HXBANK	万事达信用卡金卡	CC	16
528856	ICBC	牡丹多币种卡	CC	16
528931	GDB	广发万事达信用卡	CC	16
528948	CMBC	民生贷记卡(银联卡)	CC	16
530970	ICBC	牡丹万事达信用卡	CC	16
530984	ICBC		CC	16
530985	ICBC		CC	16
530986	ICBC		CC	16
530987	ICBC		CC	16
530988	ICBC		CC	16
530989	ICBC		CC	16
530990	ICBC	牡丹万事达信用卡	CC	16
531659	SPABANK	白金信用卡	CC	16
531693	CCB	龙卡国际白金卡	CC	16
532421	CCB		DC	16
532422	CCB		DC	16
532423	CCB		DC	16
532424	CCB		DC	16
532425	CCB		DC	16
532426	CCB		DC	16
532427	CCB		DC	16
532428	CCB		DC	16
532429	CCB		DC	16
532458	CCB	龙卡国际金卡MASTER	CC	16
539867	HXBANK	万事达普卡	CC	16
539868	HXBANK	万事达普卡	CC	16
541709	GDB		CC	16
541710	GDB		CC	16
543098	ICBC	国航知音牡丹信用卡	CC	16
543159	CEB	足球锦标赛纪念卡	CC	16
544210	ICBC	牡丹东航联名卡	CC	16
545217	CMBC	民生万事达世界卡	CC	16
545392	CMBC	民生MasterCard	CC	16
545393	CMBC	民生MasterCard	CC	16
545431	CMBC	民生MasterCard	CC	16
545447	CMBC	民生MasterCard	CC	16
545619	CMB	万事达信用卡	CC	16
545620	CMB	万事达信用卡	CC	16
545621	CMB	万事达信用卡	CC	16
545623	CMB	万事达信用卡	CC	16
545947	CMB	万事达信用卡	CC	16
545948	CMB	万事达信用卡	CC	16
548259	ICBC	国际借记卡	DC	16
548478	ABC	澳元卡	CC	16
548738	CIB	兴业信用卡	CC	16
548838	SHBANK	万事达星运卡	CC	16
548844	GDB	广发信用卡	CC	16
548943	ICBC	牡丹东航联名卡	CC	16
549633	CIB	兴业信用卡	CC	16
550213	ICBC	牡丹多币种卡	CC	16
552245	CCB	乐当家白金卡	DC	16
552288	CMBC	民生贷记卡(银联卡)	CC	16
552398	CIB	兴业信用卡	CC	16
552534	CMB	招商银行信用卡	CC	16
552580	DSBHK		CC	16
552587	CMB	招商银行信用卡	CC	16
552599	ABC	金穗贷记卡	CC	16
552794	GDB	广发万事达信用卡	CC	16
553161	CMBC	民生万事达白金公务卡	CC	16
556610	CMBC	民生贷记卡(银联卡)	CC	16
556617	CITIC	中信贷记卡	CC	16
557928	PSBC		CC	16
558360	ICBC	牡丹万事达信用卡	CC	16
558730	ABC	金穗贷记卡	CC	16
558894	GDB	广发万事达信用卡	CC	16
558916	CITIC	中信贷记卡	CC	16
566666	SJBANK	玫瑰卡	DC	16
601382	BOC	长城电子借记卡	DC	19
601427	ABC		DC	19
601428	COMM	太平洋万事顺卡	DC	17
602907	SPABANK	万事顺卡	DC	16
602969	BJBANK	京卡(银联卡)	DC	16
603265	JSBANK		DC	16
603367	HZCB	西湖卡	DC	18
603445	GCB	羊城借记卡	DC	19
603506	JSBANK	姑苏卡	DC	19
603601	HSBANK	黄山卡	DC	17
603602	SXCB	兰花卡	DC	18
603694	CSRCB	粒金卡	DC	19
609120	TCCB		DC	18
620010	SPABANK	公益预付卡	PC	16
620013	COMM	港币礼物卡	DC	16
620019	BOC	预付卡	PC	16
620021	COMM	交行预付卡	PC	19
620030	ICBC	工银亚洲预付卡	PC	16
620040	BOC	长城社会保障卡	PC	19
620043	FJHXBC	福州市民卡	DC	18
620046	ICBC	预付卡	PC	19
620048	BOC	预付卡	DC	16
620050	ICBC	预付卡	PC	16
620054	ICBC	预付卡	PC	16
620058	ICBC	银联标准卡	DC	19
620059	ABC	银联标准卡	DC	19
620060	CCB	银联标准卡	DC	19
620061	BOC	银联标准卡	DC	19
620062	PSBC	银联标准卡	DC	19
620070	CYS	中国银盛预付卡	DC	16
620082	CITIC	中国旅行卡	DC	16
620085	CEB	阳光旅行卡	DC	16
620086	ICBC	中国旅行卡	DC	19
620088	BJRCB	中国旅行卡	DC	19
620094	ICBC	预付卡	PC	16
620114	ICBC	预付卡	PC	19
620124	ICBC	预付卡	PC	16
620142	ICBC	预付卡	PC	16
620143	ICBC	预付卡	PC	16
620148	ICBC	预付卡	PC	16
620149	ICBC	预付卡	PC	16
620183	ICBC	预付卡	PC	16
620184	ICBC	预付卡	PC	16
620185	ICBC	预付卡	PC	16
620186	ICBC	预付卡	PC	16
620187	ICBC	预付卡	PC	19
620200	ICBC	牡丹灵通卡	DC	18
620302	ICBC	牡丹灵通卡	DC	18
620402	ICBC	牡丹灵通卡	DC	18
620403	ICBC	牡丹灵通卡	DC	18
620404	ICBC	牡丹灵通卡	DC	18
620405	ICBC	牡丹灵通卡	DC	18
620406	ICBC	牡丹灵通卡	DC	18
620407	ICBC	牡丹灵通卡	DC	18
620408	ICBC	牡丹灵通卡	DC	18
620409	ICBC	牡丹灵通卡	DC	18
620410	ICBC	牡丹灵通卡	DC	18
620411	ICBC	牡丹灵通卡	DC	18
620412	ICBC	牡丹灵通卡	DC	18
620500	NBYZ	蜜蜂电子钱包(IC)	DC	16
620501	ABC	市民卡B卡	DC	19
620502	ICBC	牡丹灵通卡	DC	18
620503	ICBC	牡丹灵通卡	DC	18
620512	ICBC	牡丹灵通卡	DC	18
620515	CEP	预付卡	PC	16
620516	ICBC	预付芯片卡	DC	19
620517	MTBANK	金融IC卡C卡	DC	19
620518	CEB	借记卡普卡	DC	16
620519	CSCB	市民卡	DC	19
620522	SHBANK	首发纪念版IC卡	DC	18
620527	CITIC	主账户复合电子现金卡	DC	19
620528	XTB	金牛市民卡	DC	19
620529	PSBC	IC预付费卡	DC	13
620530	SPDB	电子现金卡（IC卡）	DC	19
620602	ICBC	牡丹灵通卡	DC	18
620604	ICBC	牡丹灵通卡	DC	18
620607	ICBC	牡丹灵通卡	DC	18
620609	ICBC	牡丹灵通卡	DC	18
620611	ICBC	牡丹灵通卡	DC	18
620612	ICBC	牡丹灵通卡	DC	18
620704	ICBC	牡丹灵通卡	DC	18
620706	ICBC	牡丹灵通卡	DC	18
620707	ICBC	牡丹灵通卡	DC	18
620708	ICBC	牡丹灵通卡	DC	18
620709	ICBC	牡丹灵通卡	DC	18
620710	ICBC	牡丹灵通卡	DC	18
620711	ICBC	牡丹灵通卡	DC	18
620712	ICBC	牡丹灵通卡	DC	18
620713	ICBC	牡丹灵通卡	DC	18
620714	ICBC	牡丹灵通卡	DC	18
620802	ICBC	牡丹灵通卡	DC	18
620902	ICBC	牡丹灵通卡	DC	18
620904	ICBC	牡丹灵通卡	DC	18
620905	ICBC	牡丹灵通卡	DC	18
621001	ICBC	牡丹灵通卡	DC	18
621004	DYCCB	胜利卡	DC	18
621005	SHBANK	私人银行卡	DC	18
621008	XJRCU	玉卡	DC	16
621010	PLCCB	广成卡	DC	16
621013	HURCB	福卡(VIP卡)	DC	16
621014	SRBANK	三清山卡	DC	16
621015	DBSCN	星展银行借记卡	DC	19
621016	DBS	星展银行借记卡	DC	19
621017	YNRCC	金碧白金卡	DC	19
621018	GDRCC	珠江平安卡	DC	19
621019	CZBANK	商卡	DC	19
621021	HBRCU	信通卡	DC	19
621024	NBYZ	蜜蜂IC借记卡	DC	16
621026	LNRCC	金信卡	DC	19
621028	CZCB	义卡	DC	16
621029	KLB	瑞卡	DC	19
621030	BJBANK	京卡借记卡	DC	16
621033	SCRCU	蜀信卡	DC	19
621034	SHBANK	上银卡	DC	16
621035	ZYB	连城卡	DC	19
621036	BOHN	大海卡	DC	19
621037	DAQINGB	福农借记卡	DC	19
621038	TLBANK	龙凤卡	DC	19
621041	BOC	银联港币借记卡	DC	19
621042	NCB	银联港币卡	DC	19
621043	CYBC	银联港币卡	DC	19
621044	CAB	姜炎卡	DC	19
621050	SHBANK	单位借记卡	DC	18
621053	FJNX	玉竹卡	DC	19
621057	LSZRCB	锦程卡	DC	19
621058	ZJNX	丰收小额贷款卡	DC	19
621059	JRCB		DC	16
621060	WOORI	友利借记卡	DC	19
621061	GSRCU	飞天卡	DC	19
621062	CITI	借记卡普卡	DC	16
621063	CITI	借记卡高端卡	DC	16
621064	AEON	EON银联礼品卡	DC	16
621065	QHRC	紫丁香借记卡	DC	16
621066	BJRCB	惠通卡	DC	19
621067	BJRCB	凤凰卡	DC	19
621068	BJRCB	惠通卡	DC	19
621069	COMM	交通银行港币借记卡	DC	19
621070	ZGCCB	锦程卡	DC	19
621071	BOP	佛泉卡	DC	19
621072	BOSH	新韩卡	DC	19
621073	TJBHB	四海通卡	DC	19
621074	BOCY	鑫鑫通卡	DC	19
621075	ZYB	福卡	DC	19
621076	JSBANK	聚宝借记卡	DC	19
621077	OCBC	卓锦借记卡	DC	16
621080	CCB	银联理财钻石卡	DC	16
621081	CCB	金融IC卡	DC	19
621082	CCB	建行陆港通龙卡	DC	16
621083	CCB	建行陆港通龙卡	DC	16
621084	CCB	扣款卡	DC	16
621086	LSCCB	大福卡	DC	19
621087	CHB	人民币提款卡	DC	19
621088	MTBANK	民泰借记卡	DC	19
621089	PZBANK	鹤卡	DC	19
621090	SNCCB	锦程卡	DC	19
621091	BDCBANK	直隶卡	DC	19
621095	PSBC	绿卡VIP卡	DC	19
621096	PSBC	绿卡通	DC	19
621097	DAQINGB	联名借记卡	DC	19
621098	PSBC	绿卡通	DC	19
621099	SCRCU	蜀信贵宾卡	DC	19
621102	ICBC	牡丹灵通卡	DC	18
621103	ICBC	牡丹灵通卡	DC	18
621105	ICBC	牡丹灵通卡	DC	18
621106	ICBC	牡丹灵通卡	DC	18
621107	ICBC	牡丹灵通卡	DC	18
621200	JNBANK	儒商卡	DC	19
621201	HANABANK	韩亚卡	DC	16
621202	ICBC	牡丹灵通卡	DC	18
621203	ICBC	牡丹灵通卡	DC	18
621204	ICBC	牡丹灵通卡	DC	18
621205	ICBC	牡丹灵通卡	DC	18
621206	ICBC	牡丹灵通卡	DC	18
621207	ICBC	牡丹灵通卡	DC	18
621208	ICBC	牡丹灵通卡	DC	18
621209	ICBC	牡丹灵通卡	DC	18
621210	ICBC	牡丹灵通卡	DC	18
621211	ICBC	牡丹灵通卡	DC	18
621213	NCBANK	借记卡	DC	19
621216	JSB	晋龙一卡通	DC	19
621217	HBC	金牛卡	DC	18
621221	ZYB	驿站卡	DC	19
621222	HXBANK	华夏白金卡	DC	16
621223	JZBANK	九州方圆借记卡	DC	19
621225	ICBC	牡丹卡普卡	DC	19
621226	ICBC	牡丹卡普卡	DC	19
621227	ICBC	理财金账户金卡	DC	19
621228	HLJRCU	鹤卡	DC	19
621229	ICBC	翡翠卡	DC	19
621230	ICBC	金平卡	DC	19
621232	BNU	财运卡	DC	19
621233	DZCBANK	锦程卡	DC	19
621234	CSC	CSC借记卡	DC	16
621235	ZYB	新卡	DC	18
621237	QHDBANK	秦卡	DC	19
621238	XTB	金牛卡	DC	19
621239	HSBK	金鼎卡	DC	19
621240	ICBC	借记卡	DC	19
621241	BOSZ		DC	19
621242	LZYH	敦煌卡	DC	19
621244	SJBANK	玫瑰卡	DC	16
621246	NCB		DC	19
621247	BNU	财运卡	DC	19
621251	FJNX	福建海峡旅游卡	DC	19
621252	QDCCB	金桥通卡	DC	16
621253	BCDMMA	银联人民币卡	DC	19
621254	BCDMMA	银联澳门币卡	DC	19
621255	BCDMMA	银联港币卡	DC	19
621256	BOC	一卡双账户普卡	DC	19
621258	CRCBANK	江渝借记卡VIP卡	DC	16
621259	NJCB	白金卡	DC	16
621260	SPABANK		CC	16
621261	SPABANK		CC	16
621262	SPABANK		CC	16
621263	KORLABANK	孔雀胡杨卡	DC	18
621266	BOCZ	狮城卡	DC	19
621267	FJHXBC	福州市民卡	DC	18
621268	BOHAIB	浩瀚金卡	DC	16
621269	NCB	南昌银行借记卡	DC	16
621270	HBC	借记卡	DC	18
621271	ZYB	如愿卡	DC	19
621272	YQCCB	金鼎卡	DC	16
621273	YBCCB	锦程卡	DC	19
621275	SPDB		DC	19
621276	CMB		DC	16
621277	DSBCN	借记卡	DC	16
621279	NBBANK	银联标准卡	DC	16
621280	SXRCU	信合通	DC	19
621281	ICBC	中职学生资助卡	DC	19
621282	ABC	中职学生资助卡	DC	19
621283	BOC	中职学生资助卡	DC	19
621284	CCB	中职学生资助卡	DC	19
621285	PSBC	中职学生资助卡	DC	19
621286	CMB	金葵花卡	DC	16
621287	XJRCU	玉卡金融IC借记卡	DC	16
621288	ICBC	工银财富卡	DC	19
621289	NCB	财互通卡	DC	19
621290	NCBANK	财互通卡	DC	19
621291	NCB	财互通卡	DC	19
621292	NCB	财互通卡	DC	19
621296	CABANK	长长卡	DC	19
621298	WHB	永亨卡	DC	18
621300	ICBC	借记卡	DC	16
621302	ICBC	牡丹灵通卡	DC	18
621303	ICBC	牡丹灵通卡	DC	18
621304	ICBC	牡丹灵通卡	DC	18
621305	ICBC	牡丹灵通卡	DC	18
621306	ICBC	牡丹灵通卡	DC	18
621307	ICBC	牡丹灵通卡	DC	18
621309	ICBC	牡丹灵通卡	DC	18
621311	ICBC	牡丹灵通卡	DC	18
621313	ICBC	牡丹灵通卡	DC	18
621315	ICBC	牡丹灵通卡	DC	18
621317	ICBC	牡丹灵通卡	DC	18
621325	YACCB	锦城卡	DC	19
621327	ZYB	安鼎卡	DC	19
621330	BOC	社保联名卡	DC	19
621331	BOC	社保联名卡	DC	19
621332	BOC	医保联名卡	DC	19
621336	ABC	专用惠农卡	DC	19
621337	ZYB	百汇卡	DC	19
621338	MTBANK		DC	19
621340	LANGFB	白金卡	DC	16
621341	LANGFB	金卡	DC	16
621345	NDHB	绿叶卡	DC	18
621351	SPDB	移动联名卡	DC	16
621352	SPDB	轻松理财普卡	DC	16
621353	XHCZYH		DC	19
621356	BOCFCB		DC	19
621359	NCB	瓷都卡	DC	18
621361	WHRCB	汉卡	DC	19
621362	NMGNXS	白金卡	DC	19
621363	CZRCB	天天红火卡	DC	19
621366	HRXJB	华融卡	DC	19
621367	ICBC	借记卡	DC	16
621369	ICBC	借记卡	DC	19
621370	ICBC	借记卡	DC	16
621371	ICBC	借记卡	DC	16
621372	ICBC	借记卡	DC	19
621374	ICBC	借记卡	DC	16
621375	ICBC	借记卡	DC	19
621376	ICBC	借记卡	DC	16
621377	ICBC	借记卡	DC	16
621378	ICBC	借记卡	DC	16
621379	ICBC	借记卡	DC	19
621384	QLCZYH		DC	19
621388	HRXJB	华融卡	DC	19
621390	SPDB	轻松理财消贷易卡	DC	16
621392	NYCB	玉都卡	DC	18
621402	ICBC	牡丹灵通卡	DC	18
621404	ICBC	牡丹灵通卡	DC	18
621405	ICBC	牡丹灵通卡	DC	18
621406	ICBC	牡丹灵通卡	DC	18
621407	ICBC	牡丹灵通卡	DC	18
621408	ICBC	牡丹灵通卡	DC	18
621409	ICBC	牡丹灵通卡	DC	18
621410	ICBC	牡丹灵通卡	DC	18
621412	LZCCB	龙城IC卡	DC	18
621413	ZJKCCB	好运IC借记卡	DC	19
621414	ICBC	借记卡	DC	19
621415	FDB	富滇IC卡（复合卡）	DC	19
621416	SRBANK	三清山IC卡	DC	16
621417	NXBANK	如意IC卡	DC	19
621418	NBBANK	汇通借记卡	DC	19
621419	QDCCB	金桥卡	DC	19
621420	BJBANK	京卡	DC	16
621423	ICBC	借记卡	DC	16
621428	ICBC	借记卡	DC	16
621433	ICBC	借记卡	DC	16
621434	ICBC	借记卡	DC	16
621439	BOD	万顺通借记卡	DC	19
621446	CSCB	芙蓉金融IC卡	DC	19
621448	CABANK	借记IC卡	DC	19
621449	LNRCC	金信卡	DC	19
621452	TCCB		DC	18
621453	BOHAIB	金融IC卡	DC	16
621456	GLBANK	漓江卡	DC	17
621457	SCRCU	蜀信卡	DC	19
621458	BOHN	金融IC借记卡	DC	19
621459	SCRCU	蜀信社保卡	DC	19
621460	ZYCBANK	社保卡	DC	19
621461	BOSZ	新苏卡	DC	19
621462	GDB	理财通卡	DC	19
621463	GCB	金融IC借记卡	DC	19
621464	ICBC	借记卡	DC	16
621465	CRCBANK	江渝IC借记卡	DC	16
621466	CCB	理财白金卡	DC	16
621467	CCB	社保IC卡	DC	19
621468	BJBANK	京卡	DC	16
621469	GHB	借记卡	DC	19
621476	ICBC		DC	19
621480	ZJTLCB	借记IC卡	DC	19
621481	RXCB	魏榆卡	DC	19
621482	CDCB	芙蓉锦程天府通卡	DC	19
621483	CMB	银联IC普卡	DC	16
621485	CMB	银联IC金卡	DC	16
621486	CMB	银联金葵花IC卡	DC	16
621488	CCB	财富卡私人银行卡	DC	16
621489	CEB	社会保障IC卡	DC	16
621490	CEB	借记IC卡白金卡	DC	16
621491	CEB	借记IC卡金卡	DC	16
621492	CEB	IC借记卡普卡	DC	16
621496	LZYH	敦煌金融IC卡	DC	19
621497	QJCCB	珠江源IC卡	DC	16
621498	LSCCB		DC	19
621499	CCB	理财金卡	DC	16
621502	ICBC	牡丹灵通卡	DC	18
621511	ICBC	牡丹灵通卡	DC	18
621516	CDRCB	福农卡	DC	19
621517	QHRC	紫丁香福农卡	DC	16
621518	GDRCC	珠江平安福农卡	DC	19
621519	HNRCC	福祥卡	DC	19
621520	GSRCU	福农卡	DC	19
621521	SDRCU	泰山福农卡	DC	16
621522	GRCB	福农太阳卡	DC	18
621523	HURCB	福农小康卡	DC	16
621525	XJRCU	福农卡	DC	16
621526	ARCU	金农易贷福农卡	DC	19
621528	CRCBANK	江渝乡情福农卡	DC	16
621529	NXBANK	宁夏银行福农借记卡	DC	19
621530	SCRCU	蜀信福农卡	DC	19
621531	JLRCU	吉林农信银联标准吉卡福农借记卡	DC	19
621532	CDCB	芙蓉锦程福农卡	DC	19
621533	NMGNXS	金牛福农卡	DC	19
621536	BOHN	大海福农卡	DC	19
621538	LZYH	敦煌卡	DC	19
621539	HNRCC	福祥卡	DC	19
621552	GYCB		DC	19
621557	HLJRCU	丰收时贷福农卡	DC	19
621558	ICBC	福农灵通卡	DC	19
621559	ICBC	福农灵通卡	DC	19
621562	GLBANK	福农IC卡	DC	19
621566	SXRCCU	富秦家乐福农卡	DC	19
621568	BOC	长城福农借记卡金卡	DC	19
621569	BOC	长城福农借记卡普卡	DC	19
621577	HRBANK	福农借记卡	DC	19
621578	JSRCU	福农卡	DC	19
621579	JSBANK	聚宝惠民福农卡	DC	19
621580	SXRCU	信合通	DC	19
621582	PSBC		DC	19
621585	HNRCU	金燕快货通福农卡	DC	18
621588	DAQINGB	福农借记卡	DC	19
621589	FJNX	福万通福农卡	DC	19
621590	GZRCU	信合福农卡	DC	19
621591	ZYCBANK	黄果树福农卡	DC	16
621598	CCB	福农卡	DC	19
621599	PSBC	福农卡	DC	19
621600	XMBANK	凤凰花卡	DC	19
621602	ICBC	牡丹灵通卡	DC	18
621603	ICBC	牡丹灵通卡	DC	18
621604	ICBC	牡丹灵通卡	DC	18
621605	ICBC	牡丹灵通卡	DC	18
621606	ICBC	牡丹灵通卡	DC	18
621607	ICBC	牡丹灵通卡	DC	18
621608	ICBC	牡丹灵通卡	DC	18
621609	ICBC	牡丹灵通卡	DC	18
621610	ICBC	牡丹灵通卡	DC	18
621611	ICBC	牡丹灵通卡	DC	18
621612	ICBC	牡丹灵通卡	DC	18
621613	ICBC	牡丹灵通卡	DC	18
621614	ICBC	牡丹灵通卡	DC	18
621615	ICBC	牡丹灵通卡	DC	18
621616	ICBC	牡丹灵通卡	DC	18
621617	ICBC	牡丹灵通卡	DC	18
621618	ICBC	武警军人保障卡	DC	19
621619	ABC	武警军人保障卡	DC	19
621620	BOC	武警军人保障卡	DC	19
621621	CCB	武警军人保障卡	DC	19
621622	PSBC	武警军人保障卡	DC	13
621625	GHB	华兴银联公司卡	DC	19
621626	SPABANK	新磁条借记卡	DC	19
621627	CZCB		DC	19
621628	SDEB		DC	19
621633	H3CB	成吉思汗卡	DC	19
621660	BOC	联名卡	DC	19
621661	BOC	个人普卡	DC	19
621662	BOC	个人金卡	DC	19
621663	BOC	员工普卡	DC	19
621666	BOC	理财白金卡	DC	19
621667	BOC	理财普卡	DC	19
621668	BOC	理财金卡	DC	19
621669	BOC	理财银卡	DC	19
621670	ICBC	普通高中学生资助卡	DC	19
621671	ABC	普通高中学生资助卡	DC	19
621672	BOC	普通高中学生资助卡	DC	19
621673	CCB	普通高中学生资助卡	DC	19
621674	PSBC	普通高中学生资助卡	DC	19
621676	WHRCB		DC	19
621678	ZJNX		DC	19
621691	CMBC	借记卡普卡	DC	16
621700	CCB	龙卡通	DC	19
621701	FJNX	社保卡	DC	19
621720	ICBC	借记卡	DC	19
621721	ICBC	灵通卡	DC	19
621722	ICBC	灵通卡	DC	19
621723	ICBC	灵通卡	DC	19
621724	ICBC	借记卡	DC	19
621725	BOC	金融IC卡	DC	19
621726	MTBANK	金融IC卡	DC	19
621727	NYBANK	湛江市民卡	DC	19
621728	GDRCC	珠江平安卡	DC	19
621730	ICBC	工行东京借记卡	DC	16
621731	ICBC	工银伦敦借记卡	DC	16
621732	ICBC	借记卡	DC	19
621733	ICBC	借记卡	DC	19
621734	ICBC	借记卡	DC	16
621735	GYCB	一卡通	DC	19
621736	ZJNX		DC	19
621737	NMGNXS		DC	19
621738	YQCCB	金鼎卡	DC	16
621740	SCB	银联标准卡	DC	16
621748	ZYB	百汇卡	DC	19
621749	ICBC	借记卡	DC	16
621750	ICBC	借记卡	DC	16
621751	URMQCCB	雪莲借记IC卡	DC	19
621752	HRBANK	金融IC借记卡	DC	19
621753	ZYB	信阳卡	DC	19
621754	URMQCCB	雪莲借记IC卡	DC	19
621755	CCQTGB	借记卡	DC	16
621756	BOC	社保联名借记IC卡	DC	19
621757	BOC	社保联名借记IC卡	DC	19
621758	BOC	医保联名借记IC卡	DC	19
621759	BOC	医保联名借记IC卡	DC	19
621760	BSB	借记卡	DC	17
621761	ICBC	借记卡	DC	16
621762	ICBC	借记卡	DC	19
621763	ICBC	工银越南盾借记卡	DC	19
621764	ICBC	借记卡	DC	16
621765	ICBC	借记卡	DC	16
621766	KLB	金融IC卡	DC	19
621767	CITIC	理财宝IC卡	DC	16
621768	CITIC	理财宝IC卡	DC	16
621769	CITIC		DC	16
621770	CITIC	理财宝IC卡	DC	16
621771	CITIC	借记卡	DC	16
621772	CITIC	理财宝IC卡	DC	16
621773	CITIC	理财宝IC卡	DC	16
621775	HSBANK	借记卡	DC	19
621777	NJCB	借记IC卡	DC	16
621778	ARCU	金农卡	DC	19
621779	GZRCU		DC	19
621780	JZBANK	九州方圆卡	DC	19
621781	ICBC	借记卡	DC	16
621785	BOC	借记IC个人普卡	DC	19
621786	BOC	借记IC个人金卡	DC	19
621787	BOC	借记IC个人普卡	DC	19
621788	BOC	借记IC白金卡	DC	19
621789	BOC	借记IC钻石卡	DC	19
621790	BOC	借记IC联名卡	DC	19
621791	SPDB	东方借记卡（复合卡）	DC	16
621792	SPDB	轻松理财普卡（复合卡）	DC	16
621793	SPDB	轻松理财金卡（复合卡）	DC	16
621795	SPDB	轻松理财白金卡（复合卡）	DC	16
621796	SPDB	轻松理财钻石卡（复合卡）	DC	16
621797	PSBC	IC联名卡	DC	19
621798	PSBC	IC绿卡通VIP卡	DC	19
621799	PSBC	IC绿卡通	DC	19
621804	ICBC	牡丹灵通卡	DC	18
621807	ICBC	牡丹灵通卡	DC	18
621813	ICBC	牡丹灵通卡	DC	18
621814	ICBC	牡丹灵通卡	DC	18
621817	ICBC	牡丹灵通卡	DC	18
621901	ICBC	牡丹灵通卡	DC	18
621903	ICBC	牡丹灵通卡	DC	18
621904	ICBC	牡丹灵通卡	DC	18
621905	ICBC	牡丹灵通卡	DC	18
621906	ICBC	牡丹灵通卡	DC	18
621907	ICBC	牡丹灵通卡	DC	18
621908	ICBC	牡丹灵通卡	DC	18
621909	ICBC	牡丹灵通卡	DC	18
621910	ICBC	牡丹灵通卡	DC	18
621911	ICBC	牡丹灵通卡	DC	18
621912	ICBC	牡丹灵通卡	DC	18
621913	ICBC	牡丹灵通卡	DC	18
621914	ICBC	牡丹灵通卡	DC	18
621915	ICBC	牡丹灵通卡	DC	18
621977	WZCB	金鹿卡	DC	16
622002	ICBC	牡丹灵通卡	DC	18
622003	ICBC	牡丹灵通卡	DC	18
622004	ICBC	牡丹灵通卡	DC	18
622005	ICBC	牡丹灵通卡	DC	18
622006	ICBC	牡丹灵通卡	DC	18
622007	ICBC	牡丹灵通卡	DC	18
622008	ICBC	牡丹灵通卡	DC	18
622010	ICBC	牡丹灵通卡	DC	18
622011	ICBC	牡丹灵通卡	DC	18
622012	ICBC	牡丹灵通卡	DC	18
622013	ICBC	牡丹灵通卡	DC	18
622015	ICBC	牡丹灵通卡	DC	18
622016	ICBC	牡丹灵通卡	DC	18
622017	ICBC	牡丹灵通卡	DC	18
622018	ICBC	牡丹灵通卡	DC	18
622019	ICBC	牡丹灵通卡	DC	18
622020	ICBC	牡丹灵通卡	DC	18
622102	ICBC	牡丹灵通卡	DC	18
622103	ICBC	牡丹灵通卡	DC	18
622104	ICBC	牡丹灵通卡	DC	18
622105	ICBC	牡丹灵通卡	DC	18
622110	ICBC	牡丹灵通卡	DC	18
622111	ICBC	牡丹灵通卡	DC	18
622114	ICBC	牡丹灵通卡	DC	18
622126	FXCB	金通卡(银联卡)	DC	18
622127	FJNX	万通(借记)卡	DC	19
622128	SRCB	信通卡(银联卡)	DC	16
622129	SRCB	信通商务卡(银联卡)	DC	16
622131	JSBANK	九州借记卡(银联卡)	DC	19
622132	JXBANK	南湖借记卡(银联卡)	DC	16
622133	GYCB	甲秀银联借记卡	DC	19
622134	CQBANK	长江卡(银联卡)	DC	16
622135	CDCB	锦程卡(银联卡)	DC	19
622136	XABANK	福瑞卡	DC	18
622137	HSBANK	黄山卡(银联卡)	DC	17
622138	BJRCB	信通卡	DC	19
622139	LZYH	敦煌国际卡(银联卡)	DC	16
622140	LANGFB	银星卡(银联卡)	DC	16
622141	ZJTLCB	泰隆卡(银联卡)	DC	16
622143	URMQCCB	雪莲借记卡(银联卡)	DC	19
622146	QDCCB	金桥卡(银联卡)	DC	16
622147	H3CB	百灵卡(银联卡)	DC	19
622148	SHBANK	申卡贷记卡金卡	CC	16
622149	SHBANK	申卡贷记卡普通卡	CC	16
622150	PSBC	绿卡银联标准卡	DC	19
622151	PSBC	绿卡银联标准卡	DC	19
622152	CDCB	锦程卡金卡	DC	19
622153	CDCB	锦程卡定活一卡通金卡	DC	19
622154	CDCB	锦程卡定活一卡通	DC	19
622155	SPABANK	平安银行信用卡	CC	16
622156	SPABANK	平安银行信用卡	CC	16
622157	SPABANK	白金信用卡	CC	16
622158	ICBC	贷记卡	CC	16
622159	ICBC	贷记卡	CC	16
622161	CEB	光大银行联名公务卡	CC	16
622162	CEB	庐山卡	CC	16
622163	BJBANK	银联标准贷记卡	CC	16
622165	BSB	包头市商业银行借记卡	DC	16
622166	CCB	龙卡人民币信用卡	CC	16
622167	TSBANK	唐山市城通卡	DC	19
622168	CCB	龙卡人民币信用金卡	CC	16
622169	HNRCC	福祥借记卡	DC	19
622171	ICBC	印尼盾复合卡	CC	16
622172	SHBANK	综合保险卡	DC	18
622173	JSBANK	紫金卡	DC	19
622176	SPDB	浦发单币卡	CC	16
622177	SPDB	浦发单币卡	CC	16
622178	JLBANK	信用卡	CC	16
622179	JLBANK	信用卡	CC	16
622180	PSBC		DC	19
622181	PSBC	绿卡专用卡	DC	19
622182	PSBC		DC	19
622184	FJNX	万通(借记)卡	DC	19
622187	PSBC		DC	19
622188	PSBC	绿卡银联标准卡	DC	19
622189	PSBC		DC	19
622199	PSBC	绿卡银联标准卡	DC	13
622200	ICBC	灵通卡	DC	19
622202	ICBC	E时代卡	DC	19
622203	ICBC	E时代卡	DC	19
622206	ICBC	牡丹卡白金卡	CC	16
622208	ICBC	理财金卡	DC	19
622210	ICBC	准贷记卡(个普)	CC	16
622211	ICBC	准贷记卡(个普)	CC	16
622212	ICBC	准贷记卡(个普)	CC	16
622213	ICBC	准贷记卡(个普)	CC	16
622214	ICBC	准贷记卡(个普)	CC	16
622215	ICBC	准贷记卡(个金)	CC	16
622218	CRCBANK	银联标准贷记卡	CC	16
622220	ICBC	准贷记卡(商普)	SCC	16
622223	ICBC	牡丹卡(商务卡)	SCC	16
622224	ICBC	牡丹卡(商务卡)	SCC	16
622225	ICBC	准贷记卡(商金)	SCC	16
622228	SPDB	浦发银联白金卡	CC	16
622229	ICBC	牡丹卡(商务卡)	SCC	16
622230	ICBC	贷记卡(个普)	CC	16
622231	ICBC	牡丹卡(个人卡)	CC	16
622232	ICBC	牡丹卡(个人卡)	CC	16
622233	ICBC	牡丹卡(个人卡)	CC	16
622234	ICBC	牡丹卡(个人卡)	CC	16
622235	ICBC	贷记卡(个金)	CC	16
622236	ICBC	借贷合一卡	CC	16
622237	ICBC	牡丹交通卡	CC	16
622238	ICBC	牡丹交通卡	CC	16
622239	ICBC	牡丹交通卡	CC	16
622240	ICBC	贷记卡(商普)	CC	16
622245	ICBC	贷记卡(商金)	CC	16
622246	ICBC	专用信用消费卡	CC	16
622251	COMM	太平洋人民币贷记卡	CC	16
622252	COMM	太平洋人民币贷记卡	CC	16
622253	COMM	太平洋人民币贷记卡	CC	16
622254	COMM	太平洋准贷记卡	SCC	16
622255	COMM	太平洋准贷记卡	SCC	16
622256	COMM	太平洋准贷记卡	SCC	16
622257	COMM	太平洋准贷记卡	SCC	16
622258	COMM	太平洋借记卡	DC	17
622259	COMM	太平洋借记卡	DC	17
622260	COMM	太平洋借记卡	DC	19
622261	COMM	太平洋借记卡	DC	19
622262	COMM	交银IC卡	DC	19
622265	HKBEA	东亚银行普卡	CC	16
622266	HKBEA	东亚银行金卡	CC	16
622267	SHBANK	白金IC借记卡	DC	18
622268	SHBANK	安融卡	CC	16
622269	SHBANK	安融卡	CC	16
622270	DAQINGB	玉兔贷记卡	CC	16
622271	NHB	盛通卡	DC	18
622272	CHB	银联贺礼卡(创兴银行)	DC	16
622275	NCB	金瑞卡	DC	16
622276	SPDB	浦发联名信用卡	CC	16
622277	SPDB	浦发银联单币麦兜普卡	CC	16
622278	SHBANK	慧通白金卡(配折)	DC	18
622279	SHBANK	慧通白金卡(不配折)	DC	18
622280	CCB	银联储蓄卡	DC	19
622281	NBBANK	汇通借记卡	DC	16
622282	NBBANK	汇通贷记卡	CC	16
622283	JSBANK	紫金信用卡	CC	16
622284	COMM	太平洋MORE卡	SCC	16
622285	COMM		CC	16
622286	HZCB	西湖贷记卡	CC	16
622287	ZJTLCB	泰隆信用卡	CC	16
622288	ZJNX	丰收贷记卡	CC	16
622289	NBYZ	蜜蜂贷记IC卡	CC	16
622290	FJNX	福建海峡旅游卡	CC	16
622291	LZCCB	龙城卡	DC	18
622292	LZCCB	龙城卡	DC	18
622293	DSB	信用卡(普通卡)	CC	16
622294	DSB	大新港币信用卡(金卡)	CC	16
622295	DSB	商务信用卡	CC	16
622296	DSB	商务信用卡	CC	16
622297	DSB	预付卡(普通卡)	DC	16
622298	SPABANK	万事顺借记卡	DC	16
622300	SHBANK	信用卡	CC	16
622301	HZCCB	百合卡	DC	19
622302	GDRCC	牡丹灵通卡	DC	16
622303	NJCB	牡丹灵通卡	CC	16
622304	ICBC	牡丹灵通卡	DC	18
622305	NJCB	牡丹灵通卡	DC	16
622306	ICBC	牡丹灵通卡	DC	18
622307	ICBC	牡丹灵通卡	DC	18
622308	FDB	牡丹灵通卡	DC	17
622309	ICBC	牡丹灵通卡	DC	18
622310	BOQH	三江银行卡(银联卡)	DC	17
622312	JSRCU	信通卡(银联卡)	DC	16
622313	ICBC	牡丹灵通卡	DC	18
622314	ICBC	牡丹灵通卡	DC	18
622315	BSB	牡丹灵通卡	CC	16
622316	NBBANK	汇通卡(银联卡)	DC	16
622317	ICBC	牡丹灵通卡	DC	18
622318	NBBANK	汇通卡(银联卡)	CC	16
622319	SDRCU	信通卡	DC	16
622320	SDRCU	泰山如意卡	DC	16
622321	TZCB	大唐贷记卡	CC	16
622322	SDEB	恒通卡(银联卡)	DC	16
622323	CSRCB	粒金借记卡(银联卡)	DC	19
622324	JSRCU	圆鼎卡(银联卡)	DC	19
622325	HKB	九通卡	DC	16
622327	HSBANK	黄山卡(银联卡)	DC	17
622328	DRCBCL	信通卡(银联卡)	DC	19
622329	TRCB	信通借记卡(银联卡)	DC	19
622331	TCCB	津卡	DC	18
622332	ZRCBANK	一卡通(银联卡)	DC	17
622333	BOD	万顺通卡(银联卡)	DC	16
622335	BGB	桂花卡(银联卡)	DC	16
622336	BSB	雄鹰卡(银联卡)	DC	17
622337	JSBANK	金猴神通借记卡	DC	16
622338	JZCBANK	月季借记卡(银联卡)	DC	19
622339	NBYZ	蜜蜂借记卡(银联卡)	DC	16
622340	HSBANK	黄山卡(银联卡)	DC	17
622341	JRCB	合作借记卡	DC	16
622342	PZHCCB	攀枝花卡(银联卡)	DC	19
622343	GDRCC	信通卡(银联卡)	DC	19
622345	CDRCB	天府借记卡(银联卡)	DC	19
622349	NCB	人民币信用卡金卡	CC	16
622350	NCB	信用卡普通卡	CC	16
622351	NCB	中银卡(人民币)	DC	16
622352	CYBC	人民币信用卡金卡	CC	16
622353	CYBC	信用卡普通卡	CC	16
622355	CYBC	中银卡	DC	16
622358	HBRCU	信通卡(银联卡)	DC	19
622359	LSBC	沂蒙卡(银联卡)	DC	19
622360	HSBC	人民币卡(银联卡)	CC	16
622361	HSBC	人民币金卡(银联卡)	CC	16
622362	GDRCC	信通卡(银联卡)	DC	19
622363	RBOZ	万事顺卡	DC	19
622365	HKBEA	电子网络人民币卡	DC	17
622366	HSBANK	黄山卡(银联卡)	DC	17
622367	MYBANK	科技城卡(银联卡)	DC	19
622368	CSCB	芙蓉卡(银联卡)	DC	19
622369	YNRCC	金碧一卡通(银联卡)	DC	16
622370	BOQZ	海峡银联卡(银联卡)	DC	19
622371	CITI	花旗人民币信用卡	CC	16
622372	BEAHK	cup credit card	CC	16
622373	DSB	人民币信用卡	CC	16
622375	DSB	人民币借记卡(银联卡)	DC	17
622376	HSB	恒生人民币信用卡	CC	16
622377	HSB	恒生人民币金卡	CC	16
622378	HSB	恒生人民币白金卡	CC	16
622379	QLBANK	齐鲁卡(银联卡)	DC	19
622383	DLB	大连市商业银行贷记卡	CC	16
622384	EGBANK	九州借记卡(银联卡)	DC	17
622385	DLB	大连市商业银行贷记卡	CC	16
622386	SHBANK	人民币信用卡(银联卡)	CC	16
622387	WLB	永隆人民币信用卡	CC	16
622388	FJHXBC	榕城卡(银联卡)	DC	16
622389	NBYZ	蜜蜂贷记卡	CC	16
622391	BANKWF	鸢都卡(银联卡)	DC	16
622392	LUZBANK	酒城卡(银联卡)	DC	19
622393	XMBANK	银鹭借记卡(银联卡)	DC	16
622394	JSBANK	金山灵通卡(银联卡)	DC	16
622395	DTCCB	云冈卡(银联卡)	DC	19
622396	HBC	三峡卡	DC	17
622397	YCCB	信用卡(银联卡)	CC	16
622398	HLDB	一通卡	DC	16
622399	LYCB	新兴卡(银联卡)	DC	17
622400	BOYK	辽河一卡通(银联卡)	DC	17
622402	ICBC	牡丹灵通卡	DC	18
622403	ICBC	牡丹灵通卡	DC	18
622404	ICBC	牡丹灵通卡	DC	18
622406	HSBC	TMCard	DC	17
622407	HSBC	TMCard	DC	19
622409	HSB	恒生银行港卡借记卡	DC	19
622410	HSB	恒生银行港卡借记卡	DC	17
622411	WHCCB	通达卡(银联卡)	DC	16
622412	HURCB	信通卡	DC	16
622413	ASCB	千山卡(银联卡)	DC	16
622415	BODD	银杏卡(银联卡)	DC	16
622418	JSBANK	金桥卡(银联卡)	DC	16
622420	BOL	都市一卡通(银联卡)	DC	17
622421	ZZBANK	世纪一卡通(银联卡)	DC	19
622422	JSBANK	绿扬卡(银联卡)	DC	16
622423	WLB	永隆人民币信用卡	CC	16
622425	HRBANK	丁香借记卡(银联卡)	DC	17
622426	TCCB	津卡贷记卡(银联卡)	CC	16
622427	TZCB	大唐卡(银联卡)	DC	16
622428	NXBANK	如意卡(银联卡)	CC	16
622429	NXBANK	如意借记卡	DC	19
622432	BNU	澳门币卡	DC	19
622434	LSB	人民币卡	DC	19
622435	LSB	港币卡	DC	19
622436	LSB	澳门币卡	DC	19
622439	GRCB	麒麟储蓄卡	DC	18
622440	JLBANK	雾凇卡(银联卡)	DC	16
622441	ZYB	天鹅卡(银联卡)	DC	16
622442	FSCB	绿叶卡(银联卡)	DC	17
622443	KSRB	江通卡(银联卡)	DC	19
622447	JSBANK	月季卡(银联卡)	DC	16
622448	NYBANK	南珠卡(银联卡)	DC	16
622449	JHBANK	双龙借记卡	DC	16
622450	JHBANK	双龙贷记卡(银联卡)	CC	16
622451	DSB	大新人民币信用卡金卡	CC	16
622452	JSRCU	圆鼎卡(银联卡)	DC	19
622453	CITIC	人民币信用卡金卡	CC	16
622456	CITIC	信用卡普通卡	CC	16
622459	CITIC	人民币借记卡(银联卡)	DC	17
622462	CSRCB	粒金贷记卡(银联卡)	CC	16
622463	CHB	港币借记卡	DC	19
622465	JSB	晋龙一卡通	DC	17
622466	SJBANK	玫瑰卡(银联卡)	CC	16
622467	GCB	羊城借记卡(银联卡)	DC	19
622468	SHBANK	申卡(银联卡)	DC	18
622469	YNRCC	金碧贷记卡	CC	16
622470	GDRCC	信通卡(银联卡)	DC	19
622471	HKBEA	人民币信用卡(银联卡)	CC	16
622472	HKBEA	人民币信用卡金卡	CC	16
622475	DAQINGB	金鹤卡	DC	16
622476	URMQCCB	雪莲贷记卡(银联卡)	CC	16
622477	GDRCC	信通卡(银联卡)	DC	19
622478	SHRCB	如意卡(银联卡)	DC	16
622481	JRCB	合作贷记卡(银联卡)	CC	16
622482	SCBHK	双币信用卡	CC	16
622483	SCBHK	双币信用卡	CC	16
622484	SCBHK	双币信用卡	CC	16
622486	SXCB	兰花卡(银联卡)	DC	16
622488	WJRCB	垂虹卡(银联卡)	DC	16
622489	DSB	借记卡(银联卡)	DC	17
622493	AEON	EONJUSCO银联卡	CC	16
622498	BHB	如意借记卡(银联卡)	DC	19
622499	BHB	如意借记卡(银联卡)	DC	19
622500	SPDB	东方卡	CC	16
622502	ICBC	牡丹灵通卡	DC	18
622504	ICBC	牡丹灵通卡	DC	18
622505	ICBC	牡丹灵通卡	DC	18
622506	SXRCCU	陕西信合富秦卡	DC	19
622508	ZYCBANK	凉都卡	DC	16
622509	GDRCC	牡丹灵通卡	DC	19
622510	ICBC	牡丹灵通卡	DC	18
622511	HBC	至尊卡	DC	17
622513	ICBC	牡丹灵通卡	DC	18
622516	SPDB	东方轻松理财卡	DC	16
622517	SPDB	牡丹灵通卡	DC	16
622518	SPDB	东方轻松理财卡	DC	16
622519	SPDB		SCC	16
622520	SPDB	东方轻松理财智业金卡	SCC	16
622521	SPDB	东方卡(银联卡)	DC	16
622522	SPDB	东方卡(银联卡)	DC	16
622523	SPDB	东方卡(银联卡)	DC	16
622525	SPABANK	人民币信用卡金卡	CC	16
622526	SPABANK	人民币信用卡普卡	CC	16
622531	TRCB	吉祥商联IC卡	DC	19
622532	JINCHB	珠联璧合卡	DC	19
622535	SPABANK	聚财卡金卡	DC	16
622536	SPABANK	聚财卡VIP金卡	DC	16
622537	GYCB		CC	16
622538	SPABANK	发展卡(银联卡)	DC	16
622539	SPABANK	聚财卡白金卡和钻石卡	DC	16
622546	TFB	人民币借记卡	DC	19
622547	TFB	港币借记卡	DC	19
622548	TFB	澳门币借记卡	DC	19
622555	GDB	广发银联标准金卡	CC	16
622556	GDB	广发银联标准普卡	CC	16
622557	GDB	广发银联标准真情金卡	CC	16
622558	GDB	广发银联标准白金卡	CC	16
622559	GDB	广发银联标准真情普卡	CC	16
622560	GDB	广发真情白金卡	CC	16
622561	DYCB	锦程卡定活一卡通	DC	19
622562	DYCB	锦程卡定活一卡通金卡	DC	19
622563	DYCB	锦程卡定活一卡通	DC	19
622566	HKB	汉口银行贷记卡	CC	16
622567	HKB	汉口银行贷记卡	CC	16
622568	GDB	广发理财通卡	DC	19
622569	WRCB	金阿福贷记卡	CC	16
622570	CEB	积分卡	CC	16
622571	CIB		CC	16
622572	CIB		CC	16
622573	CIB		CC	16
622575	CMB	招商银行信用卡	CC	16
622576	CMB	招商银行信用卡	CC	16
622577	CMB	招商银行信用卡	CC	16
622578	CMB	招商银行信用卡	CC	16
622579	CMB	招商银行信用卡	CC	16
622580	CMB	一卡通(银联卡)	DC	16
622581	CMB	招商银行信用卡	CC	16
622582	CMB	招商银行信用卡	CC	16
622583	SCB		CC	16
622584	SCB		CC	16
622588	CMB	一卡通(银联卡)	DC	16
622595	NJCB	梅花信用卡商务卡	CC	16
622596	NJCB	商务卡	CC	16
622597	ICBC	环球旅行金卡	CC	16
622598	CMB	公司卡(银联卡)	DC	16
622599	ICBC	环球旅行白金卡	CC	16
622600	CMBC	民生信用卡(银联卡)	CC	16
622601	CMBC	民生信用卡(银联卡)	CC	16
622602	CMBC	民生银联白金信用卡	CC	16
622603	CMBC	民生银联商务信用卡	CC	16
622604	ICBC	牡丹灵通卡	DC	18
622605	ICBC	牡丹灵通卡	DC	18
622606	ICBC	牡丹灵通卡	DC	18
622609	CMB	金卡	DC	16
622611	SHRCB	鑫卡	CC	16
622613	CQBANK	银联标准卡	CC	16
622615	CMBC	民生借记卡(银联卡)	DC	16
622616	CMBC	民生银联借记卡－金卡	DC	16
622617	CMBC	民生借记卡(银联卡)	DC	16
622618	CMBC	钻石卡	DC	16
622619	CMBC	民生借记卡(银联卡)	DC	16
622620	CMBC	薪资理财卡	DC	16
622621	CMBC	民生银联个人白金卡	CC	16
622622	CMBC	民生借记卡(银联卡)	DC	16
622623	CMBC	银联标准金卡	CC	16
622625	HKB	九通香港旅游贷记普卡	CC	16
622626	HKB	九通香港旅游贷记金卡	CC	16
622630	HXBANK	华夏卡(银联卡)	DC	16
622631	HXBANK	华夏至尊金卡(银联卡)	DC	16
622632	HXBANK	华夏丽人卡(银联卡)	DC	16
622633	HXBANK	华夏万通卡	DC	16
622636	HXBANK	华夏信用卡普卡	CC	16
622637	HXBANK	华夏信用卡金卡	CC	16
622638	HXBANK	华夏白金卡	CC	16
622644	DAQINGB	社会保障卡	DC	19
622648	WJRCB	垂虹贷记卡	CC	16
622650	CEB	炎黄卡普卡	CC	16
622651	HSBANK	贷记卡	CC	16
622655	CEB	炎黄卡白金卡	CC	16
622656	COMM	白金卡	CC	16
622657	CEB	存贷合一白金卡	CC	16
622658	CEB	炎黄卡金卡	CC	16
622659	CEB	理财信用卡	CC	16
622660	CEB	阳光卡(银联卡)	DC	16
622661	CEB	阳光卡(银联卡)	DC	16
622662	CEB	阳光卡(银联卡)	DC	16
622663	CEB	阳光卡(银联卡)	DC	16
622664	CEB	阳光卡(银联卡)	DC	16
622665	CEB	阳光卡(银联卡)	DC	16
622666	CEB	阳光卡(银联卡)	DC	16
622667	CEB	阳光卡(银联卡)	DC	16
622668	CEB	阳光卡(银联卡)	DC	16
622669	CEB	阳光卡(银联卡)	DC	16
622670	CEB	阳光卡(银联卡)	DC	16
622671	CEB	阳光卡(银联卡)	DC	16
622672	CEB	阳光卡(银联卡)	DC	16
622673	CEB	阳光卡(银联卡)	DC	16
622674	CEB	阳光卡(银联卡)	DC	16
622675	CCB	银联卡	CC	16
622676	CCB	银联卡	CC	16
622677	CCB	银联卡	CC	16
622678	CITIC	中信银联标准贷记卡	CC	16
622679	CITIC	中信银联标准贷记卡	CC	16
622680	CITIC	中信银联标准贷记卡	CC	16
622681	JXRCU	百福卡	DC	19
622682	JXRCU	百福卡	DC	19
622683	JXRCU	百福卡	DC	19
622684	BOHAIB	渤海银行公司借记卡	DC	16
622685	CEB	存贷合一卡普卡	CC	16
622686	ZJNX		CC	16
622687	CEB	存贷合一钻石卡	CC	16
622688	CITIC	中信银联标准贷记卡	CC	16
622689	CITIC	中信银联标准贷记卡	CC	16
622690	CITIC	中信借记卡(银联卡)	DC	16
622691	CITIC	中信借记卡(银联卡)	DC	16
622692	CITIC	中信贵宾卡(银联卡)	DC	16
622693	SPDB		CC	16
622696	CITIC	中信理财宝金卡	DC	16
622698	CITIC	中信理财宝白金卡	DC	16
622700	CCB	龙卡储蓄卡(银联卡)	DC	19
622703	ICBC	牡丹灵通卡	DC	18
622706	ICBC	牡丹灵通卡	DC	18
622707	CCB	准贷记卡	DC	16
622708	CCB	龙卡人民币白金卡	CC	16
622715	ICBC	牡丹灵通卡	DC	18
622717	ZJTLCB	融易通	SCC	16
622722	SHRCB	商务卡	CC	16
622740	MTBANK	银联标准普卡金卡	CC	16
622760	BOC	银联单币贷记卡	CC	16
622761	BOC	长城信用卡	CC	16
622762	BOC	长城信用卡	CC	16
622763	BOC	长城信用卡	CC	16
622764	BOC	长城单位信用卡普卡	CC	16
622765	BOC	长城单位信用卡金卡	CC	16
622766	CITIC		CC	16
622767	CITIC		CC	16
622768	CITIC		CC	16
622775	WHBMA	澳门币贷记卡	CC	16
622777	QJCCB	珠江源卡	DC	16
622778	NBBANK	汇通白金卡	CC	16
622785	WHBMA	港币贷记卡	CC	16
622802	FJNX	万通贷记卡	CC	16
622806	ICBC	牡丹灵通卡	DC	18
622808	CDRCB	天府贷记卡	CC	16
622809	HRBANK	丁香贷记卡	CC	16
622810	PSBC	银联标准贷记卡	CC	16
622811	PSBC	银联标准贷记卡	CC	16
622812	PSBC	银联标准白金卡	CC	16
622813	CDCB	银联标准卡	CC	16
622815	JSRCU	圆鼎贷记卡	CC	16
622816	JSRCU	圆鼎贷记卡	CC	16
622817	BOQH	三江贷记卡	CC	16
622818	CDCB	银联标准卡	CC	16
622820	ABC	金穗通商卡	SCC	16
622821	ABC	金穗校园卡(银联卡)	DC	19
622822	ABC	金穗星座卡(银联卡)	DC	19
622823	ABC	金穗社保卡(银联卡)	DC	19
622824	ABC	金穗旅游卡(银联卡)	DC	19
622825	ABC	金穗青年卡(银联卡)	DC	19
622826	ABC	复合介质金穗通宝卡	DC	19
622827	ABC	金穗海通卡	DC	19
622828	ABC	退役金卡	DC	19
622829	TRCB	吉祥信用卡	CC	16
622830	ABC	金穗通商卡	SCC	16
622835	PSBC		CC	16
622836	ABC	金穗贷记卡	CC	16
622837	ABC	金穗贷记卡	CC	16
622838	ABC	银联白金卡	CC	16
622839	ABC		CC	16
622841	ABC	金穗惠农卡	DC	19
622843	ABC	金穗通宝银卡	DC	19
622844	ABC	金穗通宝卡(银联卡)	DC	19
622845	ABC	金穗通宝卡(银联卡)	DC	19
622846	ABC	金穗通宝卡	DC	19
622847	ABC	金穗通宝卡(银联卡)	DC	19
622848	ABC	金穗通宝卡(银联卡)	DC	19
622849	ABC	金穗通宝钻石卡	DC	19
622851	BJBANK	北京银行中荷人寿联名卡	CC	16
622852	BJBANK	尊尚白金卡	CC	16
622853	BJBANK	银联标准贷记卡	CC	16
622855	BOSZ	新苏卡(银联卡)	DC	19
622856	GLBANK	漓江卡(银联卡)	DC	17
622857	RZB	黄海卡	DC	19
622858	ZJNX	丰收卡(银联卡)	DC	19
622859	GDRCC	信通卡(银联卡)	DC	19
622860	DAQINGB	玉兔卡(银联卡)	DC	16
622861	WHB	人民币卡	DC	16
622862	WHB	澳门币借记卡	DC	16
622864	LSBANK	金凤卡	DC	16
622865	JLBANK	君子兰一卡通(银联卡)	DC	19
622866	JSBANK	彭城借记卡(银联卡)	DC	19
622867	CRCBANK	信合平安卡	DC	16
622868	WZCB	金鹿信用卡	CC	16
622869	TCRCB	郑和卡(银联卡)	DC	19
622870	CJCCB	长江卡	DC	16
622871	WHB	永亨尊贵理财卡	DC	16
622876	JSBANK	江苏银行聚宝IC借记卡	DC	19
622877	HSBANK	黄山卡	DC	19
622878	HZCB	西湖卡	DC	18
622879	HSBANK	黄山卡	DC	19
622880	LZCCB	龙城卡VIP卡	DC	16
622881	LZCCB	龙城致富卡	DC	16
622882	SXRCU	天河卡	DC	19
622883	HKBEA		CC	16
622884	BOHAIB	渤海银行借记卡	DC	16
622885	CRCBANK	信合希望卡	DC	16
622886	YTBANK	金通卡	DC	16
622889	ICBC	ICBC(Asia) Credit	CC	16
622891	CZRCB	阳湖卡(银联卡)	DC	19
622892	SHBANK	申卡借记卡	DC	18
622893	GZRCU	信合卡	DC	19
622895	WRCB	金阿福	DC	16
622897	CGNB	熊猫团团卡	DC	19
622898	CSCB	芙蓉贷记卡	CC	16
622899	WZCB	金鹿信用卡	CC	16
622900	CSCB	芙蓉贷记卡	CC	16
622901	CIB	银联信用卡(银联卡)	CC	16
622902	CIB	牡丹灵通卡	CC	16
622903	ICBC	牡丹灵通卡	DC	18
622904	ICBC	牡丹灵通卡	DC	18
622906	SLH	福祥贷记卡	CC	16
622908	CIB	兴业自然人生理财卡	DC	18
622909	CIB	兴业卡(银联标准卡)	DC	18
622910	ICBC		CC	16
622916	CITIC	中信银联IC卡普卡	CC	16
622918	CITIC	中信银联IC卡金卡	CC	16
622919	CITIC	中信银联IC卡白金卡	CC	16
622921	BHB	如意贷记卡	CC	16
622922	CIB	银联白金信用卡	CC	16
622926	ICBC	E时代卡	DC	19
622927	ICBC	E时代卡	DC	19
622928	ICBC	E时代卡	DC	19
622929	ICBC	理财金账户	DC	19
622930	ICBC	理财金账户	DC	19
622931	ICBC	理财金账户	DC	19
622932	WHB	港币借记卡	DC	16
622933	HKBEA	紫荆卡	DC	19
622935	JLRCU	吉卡	DC	19
622936	BOCD	热河卡	DC	19
622937	DZBANK	长河借记卡	DC	19
622938	HKBEA	显卓理财卡	DC	19
622939	ZYCBANK	尊卡	DC	17
622940	SZSBK	麒麟借记卡	DC	19
622941	AEON	EON银联礼品卡	DC	16
622942	SCB	渣打银行智通借记卡	DC	16
622943	HKBEA	银联借记卡	DC	19
622944	ICBC	CNYEasylinkCard	DC	16
622945	CCQTGB	财富人生卡	DC	16
622946	HSBC	汇丰中国卓越理财卡	DC	16
622947	NXRCU	黄河卡	DC	19
622948	SCB	港币借记卡	DC	16
622949	ICBC	EliteClubATMCard	DC	16
622950	HSB	恒生通财卡	DC	16
622951	HSB	恒生优越通财卡	DC	16
622952	SHBANK	上银卡ShacomCard	DC	16
622953	ARCU	金农卡	DC	19
622955	SJBANK	医保卡	DC	16
622957	WHB	永亨贵宾理财卡	DC	16
622958	WHB	永亨贵宾理财卡	DC	16
622959	HBC	汉江卡	DC	19
622960	HDBANK	邯银卡	DC	18
622961	ZYCBANK	黄果树借记卡	DC	16
622962	CZCCB	长治商行银联晋龙卡	DC	17
622963	WHB	永亨贵宾理财卡	DC	16
622966	CCB	理财白金卡	DC	16
622967	GZB	长征卡	DC	19
622968	SXRCU	关帝银行卡	DC	19
622970	WLB	永隆人民币卡	DC	17
622971	WLB	永隆港币卡	DC	17
622972	TACCB	岱宗卡	DC	19
622973	WHBANK	狮城借记卡	DC	19
622974	AEON	EON银联礼品卡	DC	16
622976	NMGNXS	信合金牛卡	DC	19
622977	DAQINGB	万通卡	DC	19
622978	ORBANK	天骄卡	DC	19
622979	ZYB	鹤卡	DC	19
622980	YXCCB	红塔卡	DC	19
622982	ZJKCCB	如意借记卡	DC	19
622983	SPABANK	聚财卡钻石卡	DC	16
622985	SHBANK	申卡社保副卡(有折)	DC	18
622986	SPABANK	平安银行借记卡	DC	16
622987	SHBANK	申卡社保副卡(无折)	DC	18
622988	CCB	理财金卡	DC	16
622989	SPABANK	平安银行借记卡	DC	16
622990	BOJZ	7777卡	DC	17
622991	HNRCU	金燕卡	DC	18
622992	GXRCU	桂盛卡	DC	19
622993	DLB	人民币借记卡	DC	19
622994	SCB	渣打银行白金借记卡	DC	16
622995	WJRCB	垂虹卡	DC	16
622996	CDCB	锦程力诚联名卡	DC	19
622997	CDCB	锦程力诚联名卡	DC	19
622998	CITIC	中信钻石卡	DC	16
622999	CITIC	中信钻石卡	DC	16
623000	BHB	借记IC卡	DC	19
623001	BGB	IC借记卡	DC	16
623002	ICBC	牡丹灵通卡	DC	18
623003	QHDBANK		DC	19
623006	ICBC	牡丹灵通卡	DC	18
623007	LSBC	借记卡	DC	19
623008	ICBC	牡丹灵通卡	DC	18
623010	BOD	社会保障卡	DC	19
623011	ICBC	牡丹灵通卡	DC	18
623012	ICBC	牡丹灵通卡	DC	18
623013	HNRCU	借记卡	DC	18
623014	ICBC	牡丹灵通卡	DC	18
623015	ICBC	牡丹灵通卡	DC	18
623016	CQBANK	长江卡	DC	16
623017	QHRC	紫丁香	DC	16
623018	ABC	掌尚钱包	DC	19
623019	XMBANK	凤凰花卡	DC	19
623020	HXBANK	华夏普卡	DC	16
623021	HXBANK	华夏金卡	DC	16
623022	HXBANK	华夏白金卡	DC	16
623023	HXBANK	华夏钻石卡	DC	16
623025	HBRCU	借记卡	DC	19
623026	SXCB	兰花IC借记卡	DC	16
623027	SXRCCU	富秦卡	DC	19
623029	HKB	借记卡	DC	16
623033	WHRCB	汉卡	DC	19
623035	SRCB	信通卡	DC	16
623036	FJNX	借记卡	DC	19
623038	DRCBCL	信通借记卡	DC	19
623039	TZCB	借记卡	DC	19
623051	SXRCU	信合通金融IC卡	DC	19
623052	ABC		DC	19
623058	SPABANK	平安银行IC借记卡	DC	19
623059	HNRCU		DC	18
623060	BOCD	借记IC卡	DC	19
623061	HZCB	借记IC卡	DC	18
623062	ICBC	借记卡	DC	19
623065	GSRCU	飞天金融IC借记卡	DC	19
623066	JSRCU	圆鼎借记IC卡	DC	19
623067	JHBANK	双龙社保卡	DC	16
623068	HSBK	借记IC卡	DC	19
623069	DLB	大连市社会保障卡	DC	19
623070	DLB	金融IC借记卡	DC	19
623071	CSRCB	粒金IC卡	DC	19
623072	CGNB	借记IC卡	DC	19
623076	HBC	金融IC卡	DC	19
623077	RZB	黄海卡、财富卡借记卡	DC	19
623078	EGBANK	九州IC卡	DC	19
623081	SJBANK	玫瑰IC卡	DC	16
623088	CDRCB	天府借记卡	DC	19
623089	NXBANK	宁夏银行如意借记卡	DC	19
623090	HNRCC	福祥借记IC卡	DC	19
623091	ZJNX	借记IC卡	DC	19
623093	ORBANK	天骄借记复合卡	DC	19
623094	CCB		DC	19
623095	NXRCU	借记IC卡	DC	19
623096	CQBANK	借记IC卡	DC	19
623100	ICBC	牡丹灵通卡	DC	18
623101	DZBANK		DC	19
623102	WHCCB	通达借记IC卡	DC	19
623103	TRCB	借记IC卡	DC	19
623105	HKB	借记卡	DC	16
623106	HSB	港币借记卡(普卡)	DC	17
623107	HSB	港币借记卡(普卡)	DC	19
623108	SJBANK	玫瑰IC卡	DC	16
623109	TJBHB	四海通e芯卡	DC	19
623110	WJRCB		DC	16
623111	BJBANK	借记IC卡	DC	16
623112	WZCB		DC	19
623113	GHB	华兴金融IC借记卡	DC	19
623115	JRCB	暨阳卡	DC	16
623116	JNBANK		DC	19
623123	ZRCBANK		DC	17
623125	WRCB	借记IC卡	DC	16
623126	CMB		DC	16
623131	JLBANK	长白山金融IC卡	DC	19
623132	KSRB	琼花卡	DC	19
623133	GXRCU	桂盛IC借记卡	DC	19
623135	YXCCB	红塔卡	DC	19
623136	CMB		DC	16
623146	JJBANK		DC	19
623150	CJCCB		DC	16
623151	LYCB	新兴卡	DC	19
623152	BOP		DC	19
623153	WHBANK		DC	19
623156	CEB	联名IC卡普卡	DC	16
623162	SHRCB	借记IC卡	DC	19
623163	ICBC		DC	19
623170	QDCCB	借记IC卡	DC	19
623177	BOYK	营银卡	DC	19
623178	SNCCB	金荷卡	DC	19
623179	JSB		DC	19
623181	JLRCU	借记IC卡	DC	19
623182	GSBANK	甘肃银行神州兴陇IC卡	DC	19
623183	SHBANK	慧通钻石卡	DC	18
623184	BOC		DC	19
623185	SHBANK	慧通金卡	DC	18
623188	ASCB	千山卡	DC	16
623189	CZRCB	借记IC卡	DC	19
623190	YNRCC	金碧卡一卡通	DC	19
623197	JINCHB		DC	19
623202	ICBC	牡丹灵通卡	DC	18
623205	JZCBANK	中国旅游卡	DC	19
623206	ABC	中国旅游卡	DC	19
623207	WHRCB	中国旅游卡	DC	19
623208	BOC	中国旅游卡	DC	19
623211	CCB	中国旅游卡	DC	19
623218	PSBC	中国旅游卡（普卡）	DC	19
623219	PSBC	中国旅游卡（金卡）	DC	13
623220	ARCU		DC	19
623221	GLBANK		DC	17
623301	ICBC	牡丹灵通卡	DC	18
623400	ICBC	牡丹灵通卡	DC	18
623500	ICBC	牡丹灵通卡	DC	18
623501	HBRCU		DC	19
623513	HANABANK		DC	16
623518	DAQINGB		DC	19
623521	BOSZ	金桂卡	DC	19
623531	ZZBANK		DC	19
623535	ZJTLCB		DC	16
623568	BOJZ		DC	19
623569	BOC		DC	19
623570	YDNSCZYH		DC	19
623571	BOC		DC	19
623572	BOC		DC	19
623573	BOC		DC	19
623575	BOC		DC	19
623586	BOC		DC	19
623602	ICBC	牡丹灵通卡	DC	18
623627	GHB		DC	19
623644	CCB		DC	19
623660	ZYB		DC	16
623668	CCB		DC	19
623669	CCB		DC	19
623683	CMBC		DC	16
623698	PSBC		DC	19
623699	PSBC		DC	19
623700	ICBC	牡丹灵通卡	DC	18
623803	ICBC	牡丹灵通卡	DC	18
623901	ICBC	牡丹灵通卡	DC	18
624000	ICBC	牡丹灵通卡	DC	18
624100	ICBC	牡丹灵通卡	DC	18
624200	ICBC	牡丹灵通卡	DC	18
624301	ICBC	牡丹灵通卡	DC	18
624402	ICBC	牡丹灵通卡	DC	18
625001	TZCB	大唐准贷记卡	SCC	16
625008	CHB	银联双币信用卡	CC	16
625009	CHB	银联双币信用卡	CC	16
625014	BCDMMA	双币种普卡	CC	16
625016	BCDMMA	双币种白金卡	CC	16
625017	ICBC	普卡	CC	16
625018	ICBC	金卡	CC	16
625019	ICBC	白金卡	CC	16
625021	ICBC	贷记卡	CC	16
625022	ICBC	贷记卡	CC	16
625024	HSB	港币贷记普卡	CC	16
625025	HANABANK	中国通卡	CC	16
625026	HSB	港币贷记白金卡	CC	16
625028	COMMHK	双币种信用卡	CC	16
625034	HSBC	银联卡	CC	16
625040	BOC	中银银联双币信用卡	CC	16
625044	NCB	银联双币信用卡	CC	16
625046	NCB	银联双币信用卡	CC	16
625048	CYBC	银联双币信用卡	CC	16
625050	GCB	广州银行信用卡	CC	16
625053	CYBC	银联双币信用卡	CC	16
625055	BOC	商务金卡	CC	16
625058	NCB	双币商务卡	CC	16
625060	CYBC	双币商务卡	CC	16
625062	WLBHK	永隆双币卡	CC	16
625063	WLBHK	永隆双币卡	CC	16
625071	GDB	银联标准普卡	CC	16
625072	GDB	银联标准金卡	CC	16
625073	GDB		CC	16
625080	GRCB	太阳信用卡	CC	16
625082	CIB	银联标准贷记普卡	CC	16
625083	CIB	银联标准贷记普卡	CC	16
625084	CIB	银联标准贷记普卡	CC	16
625085	CIB	银联标准贷记金卡	CC	16
625086	CIB	银联标准贷记金卡	CC	16
625087	CIB	银联标准贷记金卡	CC	16
625088	SDEB	恒通贷记卡	CC	16
625090	DAQINGB	联名贷记卡	CC	16
625099	SHBANK	上海银行银联白金卡	CC	16
625101	CSRCB	粒金准贷卡	CC	16
625102	HSBC		CC	16
625107	SHCBHK	Dual Curr.Corp.Card	CC	16
625113	ICBC	贷记卡	CC	16
625114	ICBC	贷记卡	CC	16
625141	BOC	澳门币贷记卡	CC	16
625143	BOC	澳门币贷记卡	CC	16
625158	YDRCB	天河贷记卡	CC	16
625165	CSRCB		CC	16
625196	TFB	银联双币金卡	CC	16
625198	TFB	银联双币白金卡	CC	16
625247	ICBC		CC	16
625249	ICBC		CC	16
625288	DRCBCL	信通信用卡	CC	16
625330	ICBC	中国旅游卡	CC	16
625331	ICBC	中国旅游卡	CC	16
625332	ICBC	中国旅游卡	CC	16
625336	ABC	中国旅游卡	CC	16
625337	BOC	长城环球通港澳台旅游金卡	CC	16
625339	CEB	银联贷记IC旅游卡	CC	16
625360	SPABANK	平安中国旅游信用卡	CC	16
625361	SPABANK	平安中国旅游白金信用卡	CC	16
625362	CCB	中国旅游卡	CC	16
625363	CCB	中国旅游卡	CC	16
625365	XABANK		CC	16
625367	PSBC		CC	16
625368	PSBC		CC	16
625369	GLBANK		CC	16
625500	SHRCB	福农卡	CC	16
625516	CDRCB	福农卡	SCC	16
625519	HNRCC	福农卡	DC	16
625529	NXBANK	宁夏银行福农贷记卡	CC	16
625577	HRBANK	福农准贷记卡	CC	16
625588	DAQINGB	福农准贷记卡	CC	16
625603	PSBC		CC	16
625808	GDB	银联标准普卡	CC	16
625809	GDB	银联标准金卡	CC	16
625810	GDB	银联标准白金卡	CC	16
625811	SJBANK		CC	16
625826	ABC	IC普卡	CC	16
625827	ABC	IC金卡	CC	16
625858	ICBC		CC	16
625859	ICBC		CC	16
625900	ICBC	ICBC Credit Card	CC	16
625901	CSCB	市民卡	CC	16
625902	JSBANK	天翼联名信用卡	CC	16
625905	BOC	中行金融IC卡普卡	CC	16
625906	BOC	中行金融IC卡金卡	CC	16
625907	BOC	中行金融IC卡白金卡	CC	16
625908	BOC	中行金融IC卡白金卡	CC	16
625909	BOC	中行金融IC卡金卡	CC	16
625910	BOC	中行金融IC卡普卡	CC	16
625911	CMBC	银联芯片普卡	CC	16
625912	CMBC	银联芯片金卡	CC	16
625913	CMBC	银联芯片白金卡	CC	16
625914	ICBC	贷记卡	CC	16
625915	ICBC	港币信用卡	CC	16
625916	ICBC	港币信用卡	CC	16
625917	ICBC	贷记卡	CC	16
625919	PSBC	上海购物信用卡	CC	16
625920	ICBC	贷记卡	CC	16
625921	ICBC	贷记卡	CC	16
625922	ICBC	贷记卡	CC	16
625924	ICBC	贷记卡	CC	16
625925	ICBC	贷记卡	CC	16
625926	ICBC	贷记卡	CC	16
625927	ICBC	贷记卡	CC	16
625928	ICBC	贷记卡	CC	16
625929	ICBC	贷记卡	CC	16
625930	ICBC	贷记卡	CC	16
625931	ICBC	贷记卡	CC	16
625932	ICBC	贷记卡	CC	16
625933	ICBC	贷记卡	CC	16
625934	ICBC	工银越南盾信用卡	CC	16
625939	ICBC	信用卡	CC	16
625942	ICBC	贷记卡	CC	16
625950	BSB	贷记卡	CC	16
625955	CCB	准贷记卡普卡	DC	16
625956	CCB	准贷记卡金卡	DC	16
625957	SPDB	贷记卡	CC	16
625958	SPDB	贷记卡	CC	16
625959	BOQH	三江贷记IC卡	CC	16
625960	CIB	兴业芯片普卡	CC	16
625961	CIB	兴业芯片金卡	CC	16
625962	CIB	兴业芯片白金卡	CC	16
625963	CIB	兴业芯片钻石卡	CC	16
625964	CCB	龙卡IC信用卡普卡	CC	16
625965	CCB	龙卡IC信用卡金卡	CC	16
625966	CCB	龙卡IC信用卡白金卡	CC	16
625967	HXBANK	华夏标准金融IC信用卡	CC	16
625968	HXBANK	华夏标准金融IC信用卡	CC	16
625969	HXBANK	华夏标准金融IC信用卡	CC	16
625970	SPDB	贷记卡	CC	16
625971	SPDB	移动浦发借贷合一联名卡	CC	16
625975	CEB	贷记IC卡	CC	16
625976	CEB	贷记IC卡	CC	16
625977	CEB	贷记IC卡	CC	16
625978	CEB	存贷合一IC卡	CC	16
625979	CEB	存贷合一IC卡	CC	16
625980	CEB	存贷合一IC卡	CC	16
625981	CEB	存贷合一IC卡	CC	16
625986	ICBC	贷记卡	CC	16
625987	ICBC	信用卡	CC	16
625993	SPDB	移动浦发联名卡	CC	16
625996	ABC	银联IC卡金卡	CC	16
625997	ABC	银联预算单位公务卡金卡	CC	16
625998	ABC	银联IC卡白金卡	CC	16
627066	SPABANK	一账通借贷合一卡普卡	CC	16
627067	SPABANK	一账通借贷合一卡金卡	CC	16
627068	SPABANK	一账通借贷合一白金卡	CC	16
627069	SPABANK	一账通借贷合一钻石卡	CC	16
628200	HKB	九通公务卡	CC	16
628201	CEB	银联公务卡	CC	16
628202	CEB	银联公务卡	CC	16
628203	BJBANK	银联标准公务卡	CC	16
628204	JHBANK	公务卡	CC	16
628205	TCCB	商务卡	CC	16
628206	CITIC	中信银联公务卡	CC	16
628207	NBBANK	汇通公务卡	CC	16
628208	CITIC	中信银联公务卡	CC	16
628209	CITIC	中信银联公务卡	CC	16
628210	JSBANK	紫金信用卡(公务卡)	CC	16
628211	SHRCB	银联标准公务卡	CC	16
628212	CIB	银联标准公务卡	CC	16
628213	GYCB	甲秀公务卡	CC	16
628214	NXBANK	宁夏银行公务卡	CC	16
628217	DYCCB	财政公务卡	CC	16
628219	GLBANK	漓江公务卡	CC	16
628220	CQBANK	银联标准公务卡	CC	16
628221	SPDB	公务卡普卡	CC	16
628222	SPDB	公务卡金卡	CC	16
628223	SRBANK	三清山公务卡	CC	16
628224	HRBANK	哈尔滨银行公务卡	CC	16
628226	JSRCU	银联标准公务卡	CC	16
628227	BGB	银联标准公务卡	CC	16
628228	CDCB	银联标准公务卡	CC	16
628229	CDB	热河公务卡	CC	16
628230	SHBANK	个人公务卡	CC	16
628231	FDB	富滇公务卡	CC	16
628232	FJNX	万通贷记卡	CC	16
628233	GZB	长征公务卡	CC	16
628234	WHCCB	通达公务卡	CC	16
628236	HZCB	西湖贷记卡	CC	16
628238	JJBANK	庐山公务卡	CC	16
628239	QDCCB	公务卡	CC	16
628242	NJCB	梅花信用卡公务卡	CC	16
628248	WJRCB	银联标准公务卡	CC	16
628250	CZCB	公务卡	CC	16
628251	HSBANK	银联标准公务卡	CC	16
628252	H3CB	银联标准公务卡	CC	16
628253	ORBANK	天骄公务卡	CC	16
628255	WZCB	金鹿公务卡	CC	16
628257	RZB	黄海公务卡	CC	16
628258	CMBC	公务卡金卡	CC	16
628259	GDB	银联公务普卡	CC	16
628260	GDB	银联公务金卡	CC	16
628261	BOJZ	公务卡	CC	16
628262	CMB	银联标准财政公务卡	CC	16
628263	LZYH	敦煌公务卡	CC	16
628267	CRCBANK	公务卡	CC	16
628268	ABC	金穗公务卡	CC	16
628269	ABC	银联IC公务卡	CC	16
628271	ZYB	公务卡	CC	16
628272	CSRCB	公务卡	CC	16
628279	LSBANK	银联标准卡	CC	16
628280	ZJNX	银联标准公务卡	CC	16
628281	CSCB	公务卡钻石卡	CC	16
628282	CSCB	公务卡金卡	CC	16
628283	CSCB	公务卡普卡	CC	16
628285	SJBANK	盛京银行公务卡	CC	16
628286	ICBC	财政预算单位公务卡	CC	16
628287	BOQH	三江贷记卡(公务卡)	CC	16
628288	ICBC	中央预算单位公务卡	CC	16
628299	DLB	银联标准公务卡	CC	16
628300	NBYZ	公务卡	CC	16
628301	TRCB	吉祥信用卡	CC	16
628305	NCB	银联标准公务卡	CC	16
628306	HZCCB	公务卡	CC	16
628307	YNRCC	金碧公务卡	CC	16
628308	CDRCB	天府公务卡	CC	16
628310	PSBC	银联标准公务卡	CC	16
628311	ZBCB	金达公务卡	CC	16
628312	BOC	长城银联公务IC卡金卡	CC	16
628317	CCB	龙卡IC公务卡	CC	16
628318	HXBANK	华夏公务信用卡	CC	16
628321	BHB	如意贷记卡	CC	16
628322	SDEB	恒通贷记卡（公务卡）	CC	16
628333	DAQINGB	公务卡	CC	16
628359	LSBC	公务卡	CC	16
628362	CMB	银联标准公务卡(金卡)	CC	16
628366	CCB	龙卡银联公务卡金卡	CC	16
628367	GCB	银联标准公务卡	CC	16
628368	DAQINGB	玉兔贷记卡(公务卡)	CC	16
628369	WRCB	银联标准公务卡	CC	16
628370	CITIC	公务IC普卡	CC	16
628371	CITIC	公务IC金卡	CC	16
628372	CITIC	公务IC白金卡	CC	16
628379	QLBANK	泉城公务卡	CC	16
628381	JRCB	暨阳公务卡	CC	16
628382	YDRCB	天河贷记公务卡	CC	16
628386	SLH	福祥公务卡	CC	16
628391	BANKWF	鸢都公务卡	CC	16
628397	DZBANK	长河公务卡	CC	16
683970	BOQZ	海峡储蓄卡	DC	18
690755	CMB	招行一卡通	DC	15
694301	CSCB	芙蓉卡	DC	18
900000	ICBC	牡丹社会保障卡	DC	19
900003	CMBC		DC	16
900010	ICBC	牡丹宁波市民卡	DC	19
900105	SDRCU	信通卡	DC	16
900205	SDRCU	信通卡	DC	16
909810	GZRCU	麒麟卡	DC	18
920000	CEP	预付卡	DC	16
921000	CEP	安徽合肥通卡	PC	19
940001	URMQCCB	雪莲卡(银联卡)	DC	19
940002	ASCB	千山卡(银联卡)	DC	16
940003	BOJZ	万通卡(银联卡)	DC	17
940006	NCB	金瑞卡(银联卡)	DC	17
940008	QLBANK	齐鲁卡(银联卡)	DC	19
940012	JLBANK	君子兰卡(银联卡)	DC	16
940013	SHRCB	如意卡(银联卡)	DC	16
940015	TCCB	银联卡(银联卡)	DC	18
940016	GCB	羊城借记卡(银联卡)	DC	19
940017	NTCCB	金桥卡(银联卡)	DC	18
940018	CQBANK	长江卡(银联卡)	DC	16
940020	CRCBANK	信合一卡通(银联卡)	DC	16
940021	SHBANK	银联申卡(银联卡)	DC	18
940022	NBBANK	明州卡	DC	16
940023	XMBANK	银联卡(银联卡)	DC	16
940025	ZJCCB	金山灵通卡(银联卡)	DC	16
940027	CDCB	锦程卡(银联卡)	DC	19
940029	KSRCB	银联汇通卡(银联卡)	DC	19
940030	CSRCB		DC	19
940031	JSB	晋龙卡(银联卡)	DC	17
940032	HBC	月季城市通(银联卡)	DC	16
940034	EGBANK	九州借记卡(银联卡)	DC	17
940035	GZRCU	麒麟卡(银联卡)	DC	18
940037	NHB	盛通卡(银联卡)	DC	18
940038	SDEB	恒通卡(银联卡)	DC	16
940039	SJBANK	玫瑰卡(银联卡)	DC	16
940040	LZYH	敦煌卡	DC	16
940041	BOL	都市一卡通(银联卡)	DC	17
940042	KMRCU	银联卡(银联卡)	DC	18
940043	LYCB	新兴卡(银联卡)	DC	17
940044	WHRCB	信通卡(银联卡)	DC	17
940046	BHB	如意卡(银联卡)	DC	19
940047	JLBANK	雾凇卡(银联卡)	DC	16
940048	ZHCCB	万事顺卡(银联卡)	DC	19
940049	HRBANK	丁香一卡通(银联卡)	DC	18
940050	BOD	万顺通卡(银联卡)	DC	16
940051	JHBANK	双龙卡(银联卡)	DC	16
940053	FSCCB	绿叶卡(银联卡)	DC	18
940054	HLDCCB	一卡通(银联卡)	DC	16
940055	HBC	三峡卡(银联卡)	DC	17
940056	ZZCCB	世纪一卡通	DC	17
940057	ZBCB	金达卡(银联卡)	DC	17
940058	JRCB	合作卡(银联卡)	DC	16
940060	BODD	银杏卡(银联卡)	DC	16
940061	QDCCB	金桥卡(银联卡)	DC	16
940062	DRCBCL	信通卡(银联卡)	DC	19
940063	ZRCBANK	一卡通(银联卡)	DC	17
940065	RZCCB	黄海卡(银联卡)	DC	19
940066	LSB	沂蒙卡(银联卡)	DC	19
940068	BOQH	三江卡	DC	17
940069	TZCB	大唐卡	DC	17
940070	YCCCB	金鹤卡(银联卡)	DC	16
940071	CSCB	芙蓉卡(银联卡)	DC	19
940072	BANKWF	鸳都卡(银联卡)	DC	16
940073	GZB	长征卡(银联卡)	DC	19
940074	BOQZ	海峡银联卡(银联卡)	DC	18
940076	JSBANK	月季卡(银联卡)	DC	16
955100	PSBC	绿卡(银联卡)	DC	19
955590	COMM	太平洋贷记卡(银联卡)	CC	16
955591	COMM	太平洋贷记卡(银联卡)	CC	16
955592	COMM	太平洋贷记卡(银联卡)	CC	16
955593	COMM	太平洋贷记卡(银联卡)	CC	16
966666	CIB	兴业卡(银联卡)	DC	18
968807	CITIC	中信理财宝(银联卡)	DC	16
968808	CITIC	中信理财宝(银联卡)	DC	16
968809	CITIC	中信理财宝(银联卡)	DC	16
984301	SPDB	东方卡	DC	16
984303	SPDB	东方卡	DC	16
985262	SDEB	恒通卡	DC	16
990871	FDB	春城卡(银联卡)	DC	18
998800	SPABANK	发展借记卡(银联卡)	DC	16
998801	SPABANK	发展信用卡(银联卡)	CC	16
998802	SPABANK	发展信用卡(银联卡)	CC	16
999999	HXBANK	华夏卡(银联卡)	DC	16
6224217	ZZBANK		DC	19
6886592	XMCCB	银鹭卡	DC	18
60326500	WXCCB	太湖卡	DC	16
62105900	XHRCB	暨阳卡	DC	16
62105901	SLRCB	暨阳卡	DC	16
62109202	URB		DC	19
62109203	URB		DC	19
62109205	URB		DC	19
62109206	URB		DC	19
62109207	URB		DC	19
62109208	URB		DC	19
62109209	URB		DC	19
62109210	URB		DC	19
62109211	URB		DC	19
62109212	URB		DC	19
62109213	URB		DC	19
62109214	URB		DC	19
62109215	URB		DC	19
62127817	HDHMCB		DC	18
62127839	FMBANK		DC	18
62215049	PSBC	绿卡储蓄卡(银联卡)	DC	19
62215050	PSBC	绿卡储蓄卡(银联卡)	DC	19
62215051	PSBC	绿卡储蓄卡(银联卡)	DC	19
62218849	PSBC	绿卡储蓄卡(银联卡)	DC	19
62218850	PSBC	绿卡储蓄卡(银联卡)	DC	19
62218851	PSBC	绿卡储蓄卡(银联卡)	DC	19
62249802	QHDCCB	秦卡	DC	19
62249804	BOCZ	狮城卡	DC	19
62519321	CEB		CC	16
62519323	ZBCB		CC	16
62519325	GDRCC		CC	16
62519326	FBBANK		CC	16
62519327	GDRCC		CC	16
62519329	GDRCC		CC	16
94004602	QHDCCB	秦卡	DC	19
94004604	BOCZ	狮城卡	DC	19
621056801	COMM	借记卡	DC	19
621056802	COMM	吉祥借记卡	DC	19
621056803	COMM	戈壁明珠卡	DC	19
621056805	COMM		DC	19
621092001	URB	联合卡	DC	19
621092002	URB	联合卡	DC	19
621092003	URB	联合卡	DC	19
621092004	URB	联合卡	DC	19
621092005	URB	联合卡	DC	19
621092006	URB	联合卡	DC	19
621092007	URB		DC	19
621092008	URB		DC	19
621092009	URB		DC	19
621092010	URB		DC	19
621092011	URB		DC	19
621092012	URB		DC	19
621241001	BOSZ	新苏借记卡	DC	19
621241002	BOSZ		DC	19
621241003	BOSZ		DC	19
621241004	BOSZ		DC	19
621250001	HSBC	借记卡	DC	16
621260001	XFRCB	借记卡	DC	19
621260002	ESRCB	恩施村镇银行借记卡	DC	19
621260102	CSRCB		DC	19
621260103	CSRCB		DC	19
621260104	CSRCB		DC	19
621260105	CSRCB		DC	19
621260106	CSRCB		DC	19
621260107	CSRCB		DC	19
621260108	CSRCB		DC	19
621260109	CSRCB		DC	19
621260110	CSRCB		DC	19
621260113	CSRCB		DC	19
621260116	CSRCB		DC	19
621260117	CSRCB		DC	19
621260118	CSRCB		DC	19
621260119	CSRCB		DC	19
621260120	CSRCB		DC	19
621260121	CSRCB		DC	19
621260122	CSRCB		DC	19
621265001	JSRCU		DC	19
621278293	GXHMVB		DC	18
621326763	XLBANK	菊卡	DC	18
621346001	ERB	鼎业卡	DC	19
621346002	WHBANK	胡杨卡神州卡	DC	19
621347001	YZBANK	大唐卡	DC	16
621347002	YZBANK	大唐卡	DC	16
621347003	YZBANK	大唐卡	DC	16
1934788818	QDRCB	凤凰卡	DC	19
1934788819	BJRCB	凤凰卡	DC	19
